Date,ticker,adj_close
2022-01-03,AAPL,178.27029418945312
2022-01-04,AAPL,176.0077667236328
2022-01-05,AAPL,171.32598876953125
2022-01-06,AAPL,168.46600341796875
2022-01-07,AAPL,168.6324920654297
2022-01-10,AAPL,168.65208435058594
2022-01-11,AAPL,171.48269653320312
2022-01-12,AAPL,171.92344665527344
2022-01-13,AAPL,168.65208435058594
2022-01-14,AAPL,169.51402282714844
2022-01-18,AAPL,166.3112030029297
2022-01-19,AAPL,162.8145294189453
2022-01-20,AAPL,161.12985229492188
2022-01-21,AAPL,159.07302856445312
2022-01-24,AAPL,158.29925537109375
2022-01-25,AAPL,156.49705505371094
2022-01-26,AAPL,156.40892028808594
2022-01-27,AAPL,155.94859313964844
2022-01-28,AAPL,166.830322265625
2022-01-31,AAPL,171.18885803222656
2022-02-01,AAPL,171.0223388671875
2022-02-02,AAPL,172.2270965576172
2022-02-03,AAPL,169.3474884033203
2022-02-04,AAPL,169.06309509277344
2022-02-07,AAPL,168.3472137451172
2022-02-08,AAPL,171.45599365234375
2022-02-09,AAPL,172.87799072265625
2022-02-10,AAPL,168.7982940673828
2022-02-11,AAPL,165.38546752929688
2022-02-14,AAPL,165.62083435058594
2022-02-15,AAPL,169.45538330078125
2022-02-16,AAPL,169.22003173828125
2022-02-17,AAPL,165.62083435058594
2022-02-18,AAPL,164.0713348388672
2022-02-22,AAPL,161.14886474609375
2022-02-23,AAPL,156.98086547851562
2022-02-24,AAPL,159.59933471679688
2022-02-25,AAPL,161.66859436035156
2022-02-28,AAPL,161.93341064453125
2022-03-01,AAPL,160.05044555664062
2022-03-02,AAPL,163.34556579589844
2022-03-03,AAPL,163.02195739746094
2022-03-04,AAPL,160.0210418701172
2022-03-07,AAPL,156.22569274902344
2022-03-08,AAPL,154.40158081054688
2022-03-09,AAPL,159.8052520751953
2022-03-10,AAPL,155.46078491210938
2022-03-11,AAPL,151.74391174316406
2022-03-14,AAPL,147.7132110595703
2022-03-15,AAPL,152.09693908691406
2022-03-16,AAPL,156.51011657714844
2022-03-17,AAPL,157.5202178955078
2022-03-18,AAPL,160.8153839111328
2022-03-21,AAPL,162.18838500976562
2022-03-22,AAPL,165.56198120117188
2022-03-23,AAPL,166.9251708984375
2022-03-24,AAPL,170.71066284179688
2022-03-25,AAPL,171.34814453125
2022-03-28,AAPL,172.21115112304688
2022-03-29,AAPL,175.50634765625
2022-03-30,AAPL,174.3392791748047
2022-03-31,AAPL,171.24024963378906
2022-04-01,AAPL,170.94601440429688
2022-04-04,AAPL,174.99636840820312
2022-04-05,AAPL,171.6815643310547
2022-04-06,AAPL,168.513916015625
2022-04-07,AAPL,168.8179473876953
2022-04-08,AAPL,166.80747985839844
2022-04-11,AAPL,162.55125427246094
2022-04-12,AAPL,164.42440795898438
2022-04-13,AAPL,167.11151123046875
2022-04-14,AAPL,162.10011291503906
2022-04-18,AAPL,161.88436889648438
2022-04-19,AAPL,164.1693878173828
2022-04-20,AAPL,164.002685546875
2022-04-21,AAPL,163.20831298828125
2022-04-22,AAPL,158.66766357421875
2022-04-25,AAPL,159.73663330078125
2022-04-26,AAPL,153.77398681640625
2022-04-27,AAPL,153.54840087890625
2022-04-28,AAPL,160.48194885253906
2022-04-29,AAPL,154.60751342773438
2022-05-02,AAPL,154.91159057617188
2022-05-03,AAPL,156.40223693847656
2022-05-04,AAPL,162.81602478027344
2022-05-05,AAPL,153.74453735351562
2022-05-06,AAPL,154.47132873535156
2022-05-09,AAPL,149.3445587158203
2022-05-10,AAPL,151.75079345703125
2022-05-11,AAPL,143.88381958007812
2022-05-12,AAPL,140.01419067382812
2022-05-13,AAPL,144.48294067382812
2022-05-16,AAPL,142.9409942626953
2022-05-17,AAPL,146.57492065429688
2022-05-18,AAPL,138.30528259277344
2022-05-19,AAPL,134.8972625732422
2022-05-20,AAPL,135.1329803466797
2022-05-23,AAPL,140.5543975830078
2022-05-24,AAPL,137.85348510742188
2022-05-25,AAPL,138.01065063476562
2022-05-26,AAPL,141.21241760253906
2022-05-27,AAPL,146.96775817871094
2022-05-31,AAPL,146.18206787109375
2022-06-01,AAPL,146.0543975830078
2022-06-02,AAPL,148.5097198486328
2022-06-03,AAPL,142.7838592529297
2022-06-06,AAPL,143.53028869628906
2022-06-07,AAPL,146.0543975830078
2022-06-08,AAPL,145.31776428222656
2022-06-09,AAPL,140.0927734375
2022-06-10,AAPL,134.68118286132812
2022-06-13,AAPL,129.52490234375
2022-06-14,AAPL,130.38917541503906
2022-06-15,AAPL,133.01153564453125
2022-06-16,AAPL,127.7374038696289
2022-06-17,AAPL,129.2106170654297
2022-06-21,AAPL,133.4436492919922
2022-06-22,AAPL,132.93296813964844
2022-06-23,AAPL,135.8008270263672
2022-06-24,AAPL,139.13027954101562
2022-06-27,AAPL,139.13027954101562
2022-06-28,AAPL,134.98565673828125
2022-06-29,AAPL,136.74365234375
2022-06-30,AAPL,134.27847290039062
2022-07-01,AAPL,136.4490203857422
2022-07-05,AAPL,139.03207397460938
2022-07-06,AAPL,140.3677520751953
2022-07-07,AAPL,143.7365264892578
2022-07-08,AAPL,144.4141845703125
2022-07-11,AAPL,142.28294372558594
2022-07-12,AAPL,143.25526428222656
2022-07-13,AAPL,142.89187622070312
2022-07-14,AAPL,145.8186798095703
2022-07-15,AAPL,147.48828125
2022-07-18,AAPL,144.4436798095703
2022-07-19,AAPL,148.30348205566406
2022-07-20,AAPL,150.30702209472656
2022-07-21,AAPL,152.57582092285156
2022-07-22,AAPL,151.3383026123047
2022-07-25,AAPL,150.2186279296875
2022-07-26,AAPL,148.89276123046875
2022-07-27,AAPL,153.99008178710938
2022-07-28,AAPL,154.54006958007812
2022-07-29,AAPL,159.60792541503906
2022-08-01,AAPL,158.62579345703125
2022-08-02,AAPL,157.15257263183594
2022-08-03,AAPL,163.1632843017578
2022-08-04,AAPL,162.84898376464844
2022-08-05,AAPL,162.62277221679688
2022-08-08,AAPL,162.15074157714844
2022-08-09,AAPL,162.19989013671875
2022-08-10,AAPL,166.44862365722656
2022-08-11,AAPL,165.7110137939453
2022-08-12,AAPL,169.261474609375
2022-08-15,AAPL,170.33349609375
2022-08-16,AAPL,170.1761016845703
2022-08-17,AAPL,171.67105102539062
2022-08-18,AAPL,171.27764892578125
2022-08-19,AAPL,168.69102478027344
2022-08-22,AAPL,164.80616760253906
2022-08-23,AAPL,164.47177124023438
2022-08-24,AAPL,164.76686096191406
2022-08-25,AAPL,167.2256317138672
2022-08-26,AAPL,160.9213104248047
2022-08-29,AAPL,158.71827697753906
2022-08-30,AAPL,156.28904724121094
2022-08-31,AAPL,154.6268768310547
2022-09-01,AAPL,155.35470581054688
2022-09-02,AAPL,153.24014282226562
2022-09-06,AAPL,151.98129272460938
2022-09-07,AAPL,153.38766479492188
2022-09-08,AAPL,151.91241455078125
2022-09-09,AAPL,154.77444458007812
2022-09-12,AAPL,160.73443603515625
2022-09-13,AAPL,151.30264282226562
2022-09-14,AAPL,152.7483673095703
2022-09-15,AAPL,149.85684204101562
2022-09-16,AAPL,148.21446228027344
2022-09-19,AAPL,151.93209838867188
2022-09-20,AAPL,154.3121337890625
2022-09-21,AAPL,151.1846160888672
2022-09-22,AAPL,150.22079467773438
2022-09-23,AAPL,147.94886779785156
2022-09-26,AAPL,148.28326416015625
2022-09-27,AAPL,149.25692749023438
2022-09-28,AAPL,147.3686065673828
2022-09-29,AAPL,140.12998962402344
2022-09-30,AAPL,135.92059326171875
2022-10-03,AAPL,140.1004638671875
2022-10-04,AAPL,143.6903076171875
2022-10-05,AAPL,143.98533630371094
2022-10-06,AAPL,143.03131103515625
2022-10-07,AAPL,137.77943420410156
2022-10-10,AAPL,138.10397338867188
2022-10-11,AAPL,136.68772888183594
2022-10-12,AAPL,136.05825805664062
2022-10-13,AAPL,140.631591796875
2022-10-14,AAPL,136.09764099121094
2022-10-17,AAPL,140.06117248535156
2022-10-18,AAPL,141.3790283203125
2022-10-19,AAPL,141.4872283935547
2022-10-20,AAPL,141.02500915527344
2022-10-21,AAPL,144.84100341796875
2022-10-24,AAPL,146.98501586914062
2022-10-25,AAPL,149.82737731933594
2022-10-26,AAPL,146.88670349121094
2022-10-27,AAPL,142.4117431640625
2022-10-28,AAPL,153.17127990722656
2022-10-31,AAPL,150.8108673095703
2022-11-01,AAPL,148.1652374267578
2022-11-02,AAPL,142.637939453125
2022-11-03,AAPL,136.58937072753906
2022-11-04,AAPL,136.32337951660156
2022-11-07,AAPL,136.85536193847656
2022-11-08,AAPL,137.4267120361328
2022-11-09,AAPL,132.86553955078125
2022-11-10,AAPL,144.6871795654297
2022-11-11,AAPL,147.47515869140625
2022-11-14,AAPL,146.0762481689453
2022-11-15,AAPL,147.81008911132812
2022-11-16,AAPL,146.57862854003906
2022-11-17,AAPL,148.4800262451172
2022-11-18,AAPL,149.04151916503906
2022-11-21,AAPL,145.81027221679688
2022-11-22,AAPL,147.94802856445312
2022-11-23,AAPL,148.8248291015625
2022-11-25,AAPL,145.9087677001953
2022-11-28,AAPL,142.07659912109375
2022-11-29,AAPL,139.07191467285156
2022-11-30,AAPL,145.82994079589844
2022-12-01,AAPL,146.1058349609375
2022-12-02,AAPL,145.6132354736328
2022-12-05,AAPL,144.45079040527344
2022-12-06,AAPL,140.78607177734375
2022-12-07,AAPL,138.84536743164062
2022-12-08,AAPL,140.52993774414062
2022-12-09,AAPL,140.04722595214844
2022-12-12,AAPL,142.3425750732422
2022-12-13,AAPL,143.30801391601562
2022-12-14,AAPL,141.0816192626953
2022-12-15,AAPL,134.4713134765625
2022-12-16,AAPL,132.51089477539062
2022-12-19,AAPL,130.4027099609375
2022-12-20,AAPL,130.33377075195312
2022-12-21,AAPL,133.43692016601562
2022-12-22,AAPL,130.2648162841797
2022-12-23,AAPL,129.90028381347656
2022-12-27,AAPL,128.09747314453125
2022-12-28,AAPL,124.16677856445312
2022-12-29,AAPL,127.68372344970703
2022-12-30,AAPL,127.99897003173828
2023-01-03,AAPL,123.21119689941406
2023-01-04,AAPL,124.4820327758789
2023-01-05,AAPL,123.16194915771484
2023-01-06,AAPL,127.69355010986328
2023-01-09,AAPL,128.2156982421875
2023-01-10,AAPL,128.78707885742188
2023-01-11,AAPL,131.50608825683594
2023-01-12,AAPL,131.42727661132812
2023-01-13,AAPL,132.75718688964844
2023-01-17,AAPL,133.91964721679688
2023-01-18,AAPL,133.2005157470703
2023-01-19,AAPL,133.2595977783203
2023-01-20,AAPL,135.82098388671875
2023-01-23,AAPL,139.01284790039062
2023-01-24,AAPL,140.41171264648438
2023-01-25,AAPL,139.75167846679688
2023-01-26,AAPL,141.8204803466797
2023-01-27,AAPL,143.7611846923828
2023-01-30,AAPL,140.87472534179688
2023-01-31,AAPL,142.1455535888672
2023-02-01,AAPL,143.2686004638672
2023-02-02,AAPL,148.57852172851562
2023-02-03,AAPL,152.20382690429688
2023-02-06,AAPL,149.4750213623047
2023-02-07,AAPL,152.3515625
2023-02-08,AAPL,149.6621551513672
2023-02-09,AAPL,148.6277618408203
2023-02-10,AAPL,148.99281311035156
2023-02-13,AAPL,151.79490661621094
2023-02-14,AAPL,151.153564453125
2023-02-15,AAPL,153.25511169433594
2023-02-16,AAPL,151.6567840576172
2023-02-17,AAPL,150.5122833251953
2023-02-21,AAPL,146.4966278076172
2023-02-22,AAPL,146.92088317871094
2023-02-23,AAPL,147.40432739257812
2023-02-24,AAPL,144.75025939941406
2023-02-27,AAPL,145.944091796875
2023-02-28,AAPL,145.44091796875
2023-03-01,AAPL,143.36895751953125
2023-03-02,AAPL,143.96095275878906
2023-03-03,AAPL,149.0125732421875
2023-03-06,AAPL,151.77516174316406
2023-03-07,AAPL,149.574951171875
2023-03-08,AAPL,150.82798767089844
2023-03-09,AAPL,148.57843017578125
2023-03-10,AAPL,146.51634216308594
2023-03-13,AAPL,148.4600372314453
2023-03-14,AAPL,150.5517120361328
2023-03-15,AAPL,150.9464111328125
2023-03-16,AAPL,153.7681884765625
2023-03-17,AAPL,152.92953491210938
2023-03-20,AAPL,155.2974395751953
2023-03-21,AAPL,157.15235900878906
2023-03-22,AAPL,155.7217254638672
2023-03-23,AAPL,156.80702209472656
2023-03-24,AAPL,158.10940551757812
2023-03-27,AAPL,156.16571044921875
2023-03-28,AAPL,155.5441131591797
2023-03-29,AAPL,158.62246704101562
2023-03-30,AAPL,160.19125366210938
2023-03-31,AAPL,162.69729614257812
2023-04-03,AAPL,163.95030212402344
2023-04-04,AAPL,163.4175262451172
2023-04-05,AAPL,161.57247924804688
2023-04-06,AAPL,162.4604949951172
2023-04-10,AAPL,159.8656005859375
2023-04-11,AAPL,158.65206909179688
2023-04-12,AAPL,157.96141052246094
2023-04-13,AAPL,163.3484649658203
2023-04-14,AAPL,163.00314331054688
2023-04-17,AAPL,163.02288818359375
2023-04-18,AAPL,164.24630737304688
2023-04-19,AAPL,165.3908233642578
2023-04-20,AAPL,164.42388916015625
2023-04-21,AAPL,162.81570434570312
2023-04-24,AAPL,163.12152099609375
2023-04-25,AAPL,161.5823974609375
2023-04-26,AAPL,161.57247924804688
2023-04-27,AAPL,166.16038513183594
2023-04-28,AAPL,167.4134063720703
2023-05-01,AAPL,167.32460021972656
2023-05-02,AAPL,166.28866577148438
2023-05-03,AAPL,165.21322631835938
2023-05-04,AAPL,163.5753936767578
2023-05-05,AAPL,171.25146484375
2023-05-08,AAPL,171.182373046875
2023-05-09,AAPL,169.47552490234375
2023-05-10,AAPL,171.24160766601562
2023-05-11,AAPL,171.4290771484375
2023-05-12,AAPL,170.50033569335938
2023-05-15,AAPL,170.00634765625
2023-05-16,AAPL,170.00634765625
2023-05-17,AAPL,170.61888122558594
2023-05-18,AAPL,172.95062255859375
2023-05-19,AAPL,173.05929565429688
2023-05-22,AAPL,172.1107940673828
2023-05-23,AAPL,169.50245666503906
2023-05-24,AAPL,169.77908325195312
2023-05-25,AAPL,170.91531372070312
2023-05-26,AAPL,173.32601928710938
2023-05-30,AAPL,175.17359924316406
2023-05-31,AAPL,175.1242218017578
2023-06-01,AAPL,177.93016052246094
2023-06-02,AAPL,178.7798614501953
2023-06-05,AAPL,177.42626953125
2023-06-06,AAPL,177.0607147216797
2023-06-07,AAPL,175.6873779296875
2023-06-08,AAPL,178.40438842773438
2023-06-09,AAPL,178.7897186279297
2023-06-12,AAPL,181.58575439453125
2023-06-13,AAPL,181.1114959716797
2023-06-14,AAPL,181.7438507080078
2023-06-15,AAPL,183.7791290283203
2023-06-16,AAPL,182.70220947265625
2023-06-20,AAPL,182.79112243652344
2023-06-21,AAPL,181.7537384033203
2023-06-22,AAPL,184.7572784423828
2023-06-23,AAPL,184.44110107421875
2023-06-26,AAPL,183.0480194091797
2023-06-27,AAPL,185.80458068847656
2023-06-28,AAPL,186.9803009033203
2023-06-29,AAPL,187.31622314453125
2023-06-30,AAPL,191.6436767578125
2023-07-03,AAPL,190.15184020996094
2023-07-05,AAPL,189.0353240966797
2023-07-06,AAPL,189.50958251953125
2023-07-07,AAPL,188.39312744140625
2023-07-10,AAPL,186.3479766845703
2023-07-11,AAPL,185.8243408203125
2023-07-12,AAPL,187.49407958984375
2023-07-13,AAPL,188.2548065185547
2023-07-14,AAPL,188.4030303955078
2023-07-17,AAPL,191.66343688964844
2023-07-18,AAPL,191.40655517578125
2023-07-19,AAPL,192.76011657714844
2023-07-20,AAPL,190.8137664794922
2023-07-21,AAPL,189.63803100585938
2023-07-24,AAPL,190.43832397460938
2023-07-25,AAPL,191.29788208007812
2023-07-26,AAPL,192.1673126220703
2023-07-27,AAPL,190.90267944335938
2023-07-28,AAPL,193.4813690185547
2023-07-31,AAPL,194.09393310546875
2023-08-01,AAPL,193.26402282714844
2023-08-02,AAPL,190.27035522460938
2023-08-03,AAPL,188.8772735595703
2023-08-04,AAPL,179.80735778808594
2023-08-07,AAPL,176.7050323486328
2023-08-08,AAPL,177.6436309814453
2023-08-09,AAPL,176.05294799804688
2023-08-10,AAPL,175.83558654785156
2023-08-11,AAPL,175.89491271972656
2023-08-14,AAPL,177.547119140625
2023-08-15,AAPL,175.55856323242188
2023-08-16,AAPL,174.6879425048828
2023-08-17,AAPL,172.1453399658203
2023-08-18,AAPL,172.630126953125
2023-08-21,AAPL,173.96572875976562
2023-08-22,AAPL,175.3408966064453
2023-08-23,AAPL,179.18942260742188
2023-08-24,AAPL,174.49996948242188
2023-08-25,AAPL,176.7061767578125
2023-08-28,AAPL,178.26934814453125
2023-08-29,AAPL,182.15745544433594
2023-08-30,AAPL,185.64984130859375
2023-08-31,AAPL,185.86749267578125
2023-09-01,AAPL,187.44053649902344
2023-09-05,AAPL,187.67799377441406
2023-09-06,AAPL,180.96035766601562
2023-09-07,AAPL,175.66738891601562
2023-09-08,AAPL,176.28076171875
2023-09-11,AAPL,177.44821166992188
2023-09-12,AAPL,174.4208221435547
2023-09-13,AAPL,172.35308837890625
2023-09-14,AAPL,173.86679077148438
2023-09-15,AAPL,173.14456176757812
2023-09-18,AAPL,176.07302856445312
2023-09-19,AAPL,177.1613006591797
2023-09-20,AAPL,173.6194610595703
2023-09-21,AAPL,172.07606506347656
2023-09-22,AAPL,172.92691040039062
2023-09-25,AAPL,174.20315551757812
2023-09-26,AAPL,170.12709045410156
2023-09-27,AAPL,168.61338806152344
2023-09-28,AAPL,168.87062072753906
2023-09-29,AAPL,169.3850860595703
2023-10-02,AAPL,171.89801025390625
2023-10-03,AAPL,170.5623779296875
2023-10-04,AAPL,171.80899047851562
2023-10-05,AAPL,173.04563903808594
2023-10-06,AAPL,175.59814453125
2023-10-09,AAPL,177.0821533203125
2023-10-10,AAPL,176.48854064941406
2023-10-11,AAPL,177.88351440429688
2023-10-12,AAPL,178.78382873535156
2023-10-13,AAPL,176.94363403320312
2023-10-16,AAPL,176.81503295898438
2023-10-17,AAPL,175.26177978515625
2023-10-18,AAPL,173.96572875976562
2023-10-19,AAPL,173.58978271484375
2023-10-20,AAPL,171.0372772216797
2023-10-23,AAPL,171.15597534179688
2023-10-24,AAPL,171.59127807617188
2023-10-25,AAPL,169.27621459960938
2023-10-26,AAPL,165.1111297607422
2023-10-27,AAPL,166.4269561767578
2023-10-30,AAPL,168.47486877441406
2023-10-31,AAPL,168.94976806640625
2023-11-01,AAPL,172.11563110351562
2023-11-02,AAPL,175.67727661132812
2023-11-03,AAPL,174.76705932617188
2023-11-06,AAPL,177.319580078125
2023-11-07,AAPL,179.8820037841797
2023-11-08,AAPL,180.9405975341797
2023-11-09,AAPL,180.46568298339844
2023-11-10,AAPL,184.6561279296875
2023-11-13,AAPL,183.07110595703125
2023-11-14,AAPL,185.68638610839844
2023-11-15,AAPL,186.25103759765625
2023-11-16,AAPL,187.93516540527344
2023-11-17,AAPL,187.9153289794922
2023-11-20,AAPL,189.65887451171875
2023-11-21,AAPL,188.85646057128906
2023-11-22,AAPL,189.5201873779297
2023-11-24,AAPL,188.19273376464844
2023-11-27,AAPL,188.01438903808594
2023-11-28,AAPL,188.61868286132812
2023-11-29,AAPL,187.59832763671875
2023-11-30,AAPL,188.17291259765625
2023-12-01,AAPL,189.45083618164062
2023-12-04,AAPL,187.65777587890625
2023-12-05,AAPL,191.61044311523438
2023-12-06,AAPL,190.520751953125
2023-12-07,AAPL,192.45248413085938
2023-12-08,AAPL,193.8790283203125
2023-12-11,AAPL,191.37266540527344
2023-12-12,AAPL,192.88836669921875
2023-12-13,AAPL,196.1079559326172
2023-12-14,AAPL,196.25657653808594
2023-12-15,AAPL,195.72161865234375
2023-12-18,AAPL,194.05735778808594
2023-12-19,AAPL,195.09750366210938
2023-12-20,AAPL,193.0072784423828
2023-12-21,AAPL,192.858642578125
2023-12-22,AAPL,191.78875732421875
2023-12-26,AAPL,191.24391174316406
2023-12-27,AAPL,191.34295654296875
2023-12-28,AAPL,191.76895141601562
2023-12-29,AAPL,190.728759765625
2024-01-02,AAPL,183.90322875976562
2024-01-03,AAPL,182.52626037597656
2024-01-04,AAPL,180.2081298828125
2024-01-05,AAPL,179.48497009277344
2024-01-08,AAPL,183.823974609375
2024-01-09,AAPL,183.4079132080078
2024-01-10,AAPL,184.4480743408203
2024-01-11,AAPL,183.8536834716797
2024-01-12,AAPL,184.18060302734375
2024-01-16,AAPL,181.91204833984375
2024-01-17,AAPL,180.97091674804688
2024-01-18,AAPL,186.86526489257812
2024-01-19,AAPL,189.767822265625
2024-01-22,AAPL,192.0760498046875
2024-01-23,AAPL,193.3539581298828
2024-01-24,AAPL,192.6803436279297
2024-01-25,AAPL,192.35342407226562
2024-01-26,AAPL,190.6197967529297
2024-01-29,AAPL,189.93626403808594
2024-01-30,AAPL,186.28076171875
2024-01-31,AAPL,182.67481994628906
2024-02-01,AAPL,185.11184692382812
2024-02-02,AAPL,184.1112823486328
2024-02-05,AAPL,185.9241485595703
2024-02-06,AAPL,187.5289764404297
2024-02-07,AAPL,187.63796997070312
2024-02-08,AAPL,186.5581512451172
2024-02-09,AAPL,187.32192993164062
2024-02-12,AAPL,185.6356658935547
2024-02-13,AAPL,183.54275512695312
2024-02-14,AAPL,182.6599578857422
2024-02-15,AAPL,182.37229919433594
2024-02-16,AAPL,180.8348388671875
2024-02-20,AAPL,180.0908966064453
2024-02-21,AAPL,180.84478759765625
2024-02-22,AAPL,182.87815856933594
2024-02-23,AAPL,181.04315185546875
2024-02-26,AAPL,179.6941375732422
2024-02-27,AAPL,181.15225219726562
2024-02-28,AAPL,179.9520263671875
2024-02-29,AAPL,179.2874755859375
2024-03-01,AAPL,178.20628356933594
2024-03-04,AAPL,173.6831817626953
2024-03-05,AAPL,168.7434539794922
2024-03-06,AAPL,167.75157165527344
2024-03-07,AAPL,167.6325225830078
2024-03-08,AAPL,169.34852600097656
2024-03-11,AAPL,171.35220336914062
2024-03-12,AAPL,171.82830810546875
2024-03-13,AAPL,169.74533081054688
2024-03-14,AAPL,171.6001739501953
2024-03-15,AAPL,171.22323608398438
2024-03-18,AAPL,172.31434631347656
2024-03-19,AAPL,174.6552276611328
2024-03-20,AAPL,177.2242889404297
2024-03-21,AAPL,169.9833526611328
2024-03-22,AAPL,170.88600158691406
2024-03-25,AAPL,169.46759033203125
2024-03-26,AAPL,168.33680725097656
2024-03-27,AAPL,171.90765380859375
2024-03-28,AAPL,170.0924530029297
2024-04-01,AAPL,168.65420532226562
2024-04-02,AAPL,167.47381591796875
2024-04-03,AAPL,168.2772674560547
2024-04-04,AAPL,167.45401000976562
2024-04-05,AAPL,168.2078399658203
2024-04-08,AAPL,167.08697509765625
2024-04-09,AAPL,168.297119140625
2024-04-10,AAPL,166.4224090576172
2024-04-11,AAPL,173.6236572265625
2024-04-12,AAPL,175.1214599609375
2024-04-15,AAPL,171.2926788330078
2024-04-16,AAPL,168.00946044921875
2024-04-17,AAPL,166.64064025878906
2024-04-18,AAPL,165.6884002685547
2024-04-19,AAPL,163.66493225097656
2024-04-22,AAPL,164.4980926513672
2024-04-23,AAPL,165.54953002929688
2024-04-24,AAPL,167.6523895263672
2024-04-25,AAPL,168.51535034179688
2024-04-26,AAPL,167.93011474609375
2024-04-29,AAPL,172.09613037109375
2024-04-30,AAPL,168.9517822265625
2024-05-01,AAPL,167.93011474609375
2024-05-02,AAPL,171.6299285888672
2024-05-03,AAPL,181.8961944580078
2024-05-06,AAPL,180.2397003173828
2024-05-07,AAPL,180.9241180419922
2024-05-08,AAPL,181.2613525390625
2024-05-09,AAPL,183.07656860351562
2024-05-10,AAPL,181.8151397705078
2024-05-13,AAPL,185.02333068847656
2024-05-14,AAPL,186.1655731201172
2024-05-15,AAPL,188.44012451171875
2024-05-16,AAPL,188.559326171875
2024-05-17,AAPL,188.589111328125
2024-05-20,AAPL,189.751220703125
2024-05-21,AAPL,191.05239868164062
2024-05-22,AAPL,189.61216735839844
2024-05-23,AAPL,185.61929321289062
2024-05-24,AAPL,188.6983642578125
2024-05-28,AAPL,188.7082977294922
2024-05-29,AAPL,189.0062713623047
2024-05-30,AAPL,189.99951171875
2024-05-31,AAPL,190.9530487060547
2024-06-03,AAPL,192.72105407714844
2024-06-04,AAPL,193.03887939453125
2024-06-05,AAPL,194.5486297607422
2024-06-06,AAPL,193.16802978515625
2024-06-07,AAPL,195.56175231933594
2024-06-10,AAPL,191.8171844482422
2024-06-11,AAPL,205.75253295898438
2024-06-12,AAPL,211.63259887695312
2024-06-13,AAPL,212.79470825195312
2024-06-14,AAPL,211.05653381347656
2024-06-17,AAPL,215.20831298828125
2024-06-18,AAPL,212.84437561035156
2024-06-20,AAPL,208.26547241210938
2024-06-21,AAPL,206.09024047851562
2024-06-24,AAPL,206.73587036132812
2024-06-25,AAPL,207.65960693359375
2024-06-26,AAPL,211.81138610839844
2024-06-27,AAPL,212.65565490722656
2024-06-28,AAPL,209.19912719726562
2024-07-01,AAPL,215.28778076171875
2024-07-02,AAPL,218.78402709960938
2024-07-03,AAPL,220.05538940429688
2024-07-05,AAPL,224.81309509277344
2024-07-08,AAPL,226.28311157226562
2024-07-09,AAPL,227.1372833251953
2024-07-10,AAPL,231.40829467773438
2024-07-11,AAPL,226.0347900390625
2024-07-12,AAPL,228.98475646972656
2024-07-15,AAPL,232.81871032714844
2024-07-16,AAPL,233.2359161376953
2024-07-17,AAPL,227.33596801757812
2024-07-18,AAPL,222.6676483154297
2024-07-19,AAPL,222.79678344726562
2024-07-22,AAPL,222.4491424560547
2024-07-23,AAPL,223.49203491210938
2024-07-24,AAPL,217.06568908691406
2024-07-25,AAPL,216.02279663085938
2024-07-26,AAPL,216.4896240234375
2024-07-29,AAPL,216.76771545410156
2024-07-30,AAPL,217.32395935058594
2024-07-31,AAPL,220.58181762695312
2024-08-01,AAPL,216.8869171142578
2024-08-02,AAPL,218.37681579589844
2024-08-05,AAPL,207.8582763671875
2024-08-06,AAPL,205.83201599121094
2024-08-07,AAPL,208.404541015625
2024-08-08,AAPL,211.87100219726562
2024-08-09,AAPL,214.78123474121094
2024-08-12,AAPL,216.31260681152344
2024-08-13,AAPL,220.03167724609375
2024-08-14,AAPL,220.47915649414062
2024-08-15,AAPL,223.4623565673828
2024-08-16,AAPL,224.78494262695312
2024-08-19,AAPL,224.62582397460938
2024-08-20,AAPL,225.2423553466797
2024-08-21,AAPL,225.13296508789062
2024-08-22,AAPL,223.2734375
2024-08-23,AAPL,225.57049560546875
2024-08-26,AAPL,225.90858459472656
2024-08-27,AAPL,226.7538604736328
2024-08-28,AAPL,225.2224578857422
2024-08-29,AAPL,228.50396728515625
2024-08-30,AAPL,227.71841430664062
2024-09-03,AAPL,221.52330017089844
2024-09-04,AAPL,219.61402893066406
2024-09-05,AAPL,221.13546752929688
2024-09-06,AAPL,219.58421325683594
2024-09-09,AAPL,219.67369079589844
2024-09-10,AAPL,218.87815856933594
2024-09-11,AAPL,221.41390991210938
2024-09-12,AAPL,221.52330017089844
2024-09-13,AAPL,221.25479125976562
2024-09-16,AAPL,215.10939025878906
2024-09-17,AAPL,215.5767364501953
2024-09-18,AAPL,219.4549102783203
2024-09-19,AAPL,227.58914184570312
2024-09-20,AAPL,226.92288208007812
2024-09-23,AAPL,225.20257568359375
2024-09-24,AAPL,226.0975341796875
2024-09-25,AAPL,225.10313415527344
2024-09-26,AAPL,226.2467041015625
2024-09-27,AAPL,226.5151824951172
2024-09-30,AAPL,231.696044921875
2024-10-01,AAPL,224.94403076171875
2024-10-02,AAPL,225.51083374023438
2024-10-03,AAPL,224.40704345703125
2024-10-04,AAPL,225.53073120117188
2024-10-07,AAPL,220.44932556152344
2024-10-08,AAPL,224.5065155029297
2024-10-09,AAPL,228.25538635253906
2024-10-10,AAPL,227.7581787109375
2024-10-11,AAPL,226.27655029296875
2024-10-14,AAPL,230.0055389404297
2024-10-15,AAPL,232.54127502441406
2024-10-16,AAPL,230.48284912109375
2024-10-17,AAPL,230.85079956054688
2024-10-18,AAPL,233.68484497070312
2024-10-21,AAPL,235.15652465820312
2024-10-22,AAPL,234.54002380371094
2024-10-23,AAPL,229.46856689453125
2024-10-24,AAPL,229.27963256835938
2024-10-25,AAPL,230.11492919921875
2024-10-28,AAPL,232.09378051757812
2024-10-29,AAPL,232.36227416992188
2024-10-30,AAPL,228.812255859375
2024-10-31,AAPL,224.64572143554688
2024-11-01,AAPL,221.66249084472656
2024-11-04,AAPL,220.7675323486328
2024-11-05,AAPL,222.19947814941406
2024-11-06,AAPL,221.4735565185547
2024-11-07,AAPL,226.20692443847656
2024-11-08,AAPL,225.93814086914062
2024-11-11,AAPL,223.22042846679688
2024-11-12,AAPL,223.22042846679688
2024-11-13,AAPL,224.10641479492188
2024-11-14,AAPL,227.19247436523438
2024-11-15,AAPL,223.98695373535156
2024-11-18,AAPL,226.9933624267578
2024-11-19,AAPL,227.252197265625
2024-11-20,AAPL,227.9689483642578
2024-11-21,AAPL,227.49111938476562
2024-11-22,AAPL,228.8350372314453
2024-11-25,AAPL,231.82151794433594
2024-11-26,AAPL,234.00167846679688
2024-11-27,AAPL,233.8722381591797
2024-11-29,AAPL,236.26145935058594
2024-12-02,AAPL,238.51126098632812
2024-12-03,AAPL,241.5574951171875
2024-12-04,AAPL,241.91587829589844
2024-12-05,AAPL,241.94573974609375
2024-12-06,AAPL,241.74664306640625
2024-12-09,AAPL,245.6390380859375
2024-12-10,AAPL,246.65443420410156
2024-12-11,AAPL,245.38021850585938
2024-12-12,AAPL,246.8435821533203
2024-12-13,AAPL,247.01283264160156
2024-12-16,AAPL,249.9097137451172
2024-12-17,AAPL,252.33872985839844
2024-12-18,AAPL,246.9331817626953
2024-12-19,AAPL,248.66534423828125
2024-12-20,AAPL,253.34417724609375
2024-12-23,AAPL,254.1206817626953
2024-12-24,AAPL,257.0374755859375
2024-12-26,AAPL,257.853759765625
2024-12-27,AAPL,254.439208984375
2024-12-30,AAPL,251.06448364257812
2024-12-31,AAPL,249.29251098632812
2022-01-03,GOOGL,143.99832153320312
2022-01-04,GOOGL,143.410400390625
2022-01-05,GOOGL,136.83128356933594
2022-01-06,GOOGL,136.803955078125
2022-01-07,GOOGL,136.07846069335938
2022-01-10,GOOGL,137.71963500976562
2022-01-11,GOOGL,138.77882385253906
2022-01-12,GOOGL,140.4617156982422
2022-01-13,GOOGL,137.63772583007812
2022-01-14,GOOGL,138.52508544921875
2022-01-18,GOOGL,135.06643676757812
2022-01-19,GOOGL,134.1909637451172
2022-01-20,GOOGL,132.39437866210938
2022-01-21,GOOGL,129.4586181640625
2022-01-24,GOOGL,129.9080352783203
2022-01-25,GOOGL,126.06552124023438
2022-01-26,GOOGL,128.3477783203125
2022-01-27,GOOGL,128.121337890625
2022-01-28,GOOGL,132.4375762939453
2022-01-31,GOOGL,134.37669372558594
2022-02-01,GOOGL,136.70114135742188
2022-02-02,GOOGL,146.98623657226562
2022-02-03,GOOGL,142.10986328125
2022-02-04,GOOGL,142.3114471435547
2022-02-07,GOOGL,138.2475128173828
2022-02-08,GOOGL,138.4441375732422
2022-02-09,GOOGL,140.6221160888672
2022-02-10,GOOGL,137.6704559326172
2022-02-11,GOOGL,133.36268615722656
2022-02-14,GOOGL,134.59765625
2022-02-15,GOOGL,135.67276000976562
2022-02-16,GOOGL,136.7945098876953
2022-02-17,GOOGL,131.63111877441406
2022-02-18,GOOGL,129.50975036621094
2022-02-22,GOOGL,128.92430114746094
2022-02-23,GOOGL,126.71403503417969
2022-02-24,GOOGL,131.78207397460938
2022-02-25,GOOGL,133.5384521484375
2022-02-28,GOOGL,134.13189697265625
2022-03-01,GOOGL,133.14317321777344
2022-03-02,GOOGL,133.6497039794922
2022-03-03,GOOGL,132.98231506347656
2022-03-04,GOOGL,131.00294494628906
2022-03-07,GOOGL,125.51282501220703
2022-03-08,GOOGL,126.23385620117188
2022-03-09,GOOGL,132.506103515625
2022-03-10,GOOGL,131.5223846435547
2022-03-11,GOOGL,128.9809112548828
2022-03-14,GOOGL,125.08824920654297
2022-03-15,GOOGL,128.31301879882812
2022-03-16,GOOGL,132.3675537109375
2022-03-17,GOOGL,132.92221069335938
2022-03-18,GOOGL,135.1930389404297
2022-03-21,GOOGL,135.16920471191406
2022-03-22,GOOGL,138.90992736816406
2022-03-23,GOOGL,137.3283233642578
2022-03-24,GOOGL,140.60226440429688
2022-03-25,GOOGL,140.7025604248047
2022-03-28,GOOGL,140.48655700683594
2022-03-29,GOOGL,141.5293426513672
2022-03-30,GOOGL,140.9662322998047
2022-03-31,GOOGL,138.11492919921875
2022-04-01,GOOGL,139.19049072265625
2022-04-04,GOOGL,141.9921875
2022-04-05,GOOGL,139.6279754638672
2022-04-06,GOOGL,135.61268615722656
2022-04-07,GOOGL,134.9576873779297
2022-04-08,GOOGL,132.37449645996094
2022-04-11,GOOGL,127.94108581542969
2022-04-12,GOOGL,126.83967590332031
2022-04-13,GOOGL,129.00424194335938
2022-04-14,GOOGL,125.86192321777344
2022-04-18,GOOGL,126.80193328857422
2022-04-19,GOOGL,129.1184539794922
2022-04-20,GOOGL,127.1629409790039
2022-04-21,GOOGL,123.95952606201172
2022-04-22,GOOGL,118.81600952148438
2022-04-25,GOOGL,122.23095703125
2022-04-26,GOOGL,117.83726501464844
2022-04-27,GOOGL,113.5115966796875
2022-04-28,GOOGL,117.71063995361328
2022-04-29,GOOGL,113.3278579711914
2022-05-02,GOOGL,115.784423828125
2022-05-03,GOOGL,116.53028106689453
2022-05-04,GOOGL,121.42353057861328
2022-05-05,GOOGL,115.70745086669922
2022-05-06,GOOGL,114.95365905761719
2022-05-09,GOOGL,111.74031066894531
2022-05-10,GOOGL,113.61140441894531
2022-05-11,GOOGL,112.8243408203125
2022-05-12,GOOGL,112.07102966308594
2022-05-13,GOOGL,115.25557708740234
2022-05-16,GOOGL,113.66107177734375
2022-05-17,GOOGL,115.67517852783203
2022-05-18,GOOGL,111.13301086425781
2022-05-19,GOOGL,109.62789154052734
2022-05-20,GOOGL,108.16200256347656
2022-05-23,GOOGL,110.72431945800781
2022-05-24,GOOGL,105.24412536621094
2022-05-25,GOOGL,105.08026123046875
2022-05-26,GOOGL,107.05414581298828
2022-05-27,GOOGL,111.5471420288086
2022-05-31,GOOGL,112.98274230957031
2022-06-01,GOOGL,113.11186218261719
2022-06-02,GOOGL,116.81681060791016
2022-06-03,GOOGL,113.75640869140625
2022-06-06,GOOGL,116.02030181884766
2022-06-07,GOOGL,116.34703826904297
2022-06-08,GOOGL,116.39124298095703
2022-06-09,GOOGL,114.04889678955078
2022-06-10,GOOGL,110.40006256103516
2022-06-13,GOOGL,105.66372680664062
2022-06-14,GOOGL,105.9845199584961
2022-06-15,GOOGL,109.01263427734375
2022-06-16,GOOGL,105.30718231201172
2022-06-17,GOOGL,106.40958404541016
2022-06-21,GOOGL,110.77993774414062
2022-06-22,GOOGL,110.72383117675781
2022-06-23,GOOGL,111.47315216064453
2022-06-24,GOOGL,117.1668930053711
2022-06-27,GOOGL,115.04006958007812
2022-06-28,GOOGL,111.24026489257812
2022-06-29,GOOGL,110.93635559082031
2022-06-30,GOOGL,108.21661376953125
2022-07-01,GOOGL,107.99266052246094
2022-07-05,GOOGL,112.48716735839844
2022-07-06,GOOGL,113.78719329833984
2022-07-07,GOOGL,117.96934509277344
2022-07-08,GOOGL,118.53594970703125
2022-07-11,GOOGL,114.8841323852539
2022-07-12,GOOGL,113.2394790649414
2022-07-13,GOOGL,110.59074401855469
2022-07-14,GOOGL,109.61150360107422
2022-07-15,GOOGL,111.01183319091797
2022-07-18,GOOGL,108.28315734863281
2022-07-19,GOOGL,113.0304183959961
2022-07-20,GOOGL,113.11980438232422
2022-07-21,GOOGL,113.5567855834961
2022-07-22,GOOGL,107.16090393066406
2022-07-25,GOOGL,106.77357482910156
2022-07-26,GOOGL,104.30061340332031
2022-07-27,GOOGL,112.28555297851562
2022-07-28,GOOGL,113.43760681152344
2022-07-29,GOOGL,115.52323150634766
2022-08-01,GOOGL,114.07322692871094
2022-08-02,GOOGL,114.34137725830078
2022-08-03,GOOGL,117.27117156982422
2022-08-04,GOOGL,117.38042449951172
2022-08-05,GOOGL,116.66534423828125
2022-08-08,GOOGL,116.49652099609375
2022-08-09,GOOGL,115.83110046386719
2022-08-10,GOOGL,118.88006591796875
2022-08-11,GOOGL,118.02595520019531
2022-08-12,GOOGL,120.84651184082031
2022-08-15,GOOGL,121.24376678466797
2022-08-16,GOOGL,120.86636352539062
2022-08-17,GOOGL,118.73110961914062
2022-08-18,GOOGL,119.34685516357422
2022-08-19,GOOGL,116.40711975097656
2022-08-22,GOOGL,113.45746612548828
2022-08-23,GOOGL,113.080078125
2022-08-24,GOOGL,112.91124725341797
2022-08-25,GOOGL,115.8509750366211
2022-08-26,GOOGL,109.58418273925781
2022-08-29,GOOGL,108.67047882080078
2022-08-30,GOOGL,108.19377136230469
2022-08-31,GOOGL,107.47871398925781
2022-09-01,GOOGL,108.98829650878906
2022-09-02,GOOGL,107.11124420166016
2022-09-06,GOOGL,106.07836151123047
2022-09-07,GOOGL,108.70027923583984
2022-09-08,GOOGL,107.63761138916016
2022-09-09,GOOGL,109.8920669555664
2022-09-12,GOOGL,110.10063171386719
2022-09-13,GOOGL,103.60542297363281
2022-09-14,GOOGL,104.28076171875
2022-09-15,GOOGL,102.20508575439453
2022-09-16,GOOGL,102.09584045410156
2022-09-19,GOOGL,102.36398315429688
2022-09-20,GOOGL,100.44720458984375
2022-09-21,GOOGL,98.59994506835938
2022-09-22,GOOGL,99.45405578613281
2022-09-23,GOOGL,98.06363677978516
2022-09-26,GOOGL,97.49755096435547
2022-09-27,GOOGL,96.83212280273438
2022-09-28,GOOGL,99.36467742919922
2022-09-29,GOOGL,96.75267791748047
2022-09-30,GOOGL,94.99480438232422
2022-10-03,GOOGL,97.96432495117188
2022-10-04,GOOGL,100.94377136230469
2022-10-05,GOOGL,100.73522186279297
2022-10-06,GOOGL,100.72528076171875
2022-10-07,GOOGL,98.00405883789062
2022-10-10,GOOGL,97.18965911865234
2022-10-11,GOOGL,96.51432800292969
2022-10-12,GOOGL,96.89171600341797
2022-10-13,GOOGL,98.38145446777344
2022-10-14,GOOGL,95.89856719970703
2022-10-17,GOOGL,99.28522491455078
2022-10-18,GOOGL,100.07974243164062
2022-10-19,GOOGL,98.94754028320312
2022-10-20,GOOGL,99.28522491455078
2022-10-21,GOOGL,100.43727111816406
2022-10-24,GOOGL,101.81775665283203
2022-10-25,GOOGL,103.76433563232422
2022-10-26,GOOGL,94.27973175048828
2022-10-27,GOOGL,91.58830261230469
2022-10-28,GOOGL,95.63043212890625
2022-10-31,GOOGL,93.86262512207031
2022-11-01,GOOGL,89.85029602050781
2022-11-02,GOOGL,86.37425994873047
2022-11-03,GOOGL,82.85852813720703
2022-11-04,GOOGL,85.98694610595703
2022-11-07,GOOGL,87.88385772705078
2022-11-08,GOOGL,88.29104614257812
2022-11-09,GOOGL,86.72187805175781
2022-11-10,GOOGL,93.2965316772461
2022-11-11,GOOGL,95.74961853027344
2022-11-14,GOOGL,95.04447174072266
2022-11-15,GOOGL,97.76570129394531
2022-11-16,GOOGL,98.17288970947266
2022-11-17,GOOGL,97.68624877929688
2022-11-18,GOOGL,96.76261901855469
2022-11-21,GOOGL,94.94515991210938
2022-11-22,GOOGL,96.3852310180664
2022-11-23,GOOGL,97.78556060791016
2022-11-25,GOOGL,96.79240417480469
2022-11-28,GOOGL,95.39208221435547
2022-11-29,GOOGL,94.53795623779297
2022-11-30,GOOGL,100.29823303222656
2022-12-01,GOOGL,100.29823303222656
2022-12-02,GOOGL,99.75200653076172
2022-12-05,GOOGL,98.79857635498047
2022-12-06,GOOGL,96.3156967163086
2022-12-07,GOOGL,94.28968811035156
2022-12-08,GOOGL,93.0680923461914
2022-12-09,GOOGL,92.19412994384766
2022-12-12,GOOGL,92.67083740234375
2022-12-13,GOOGL,94.97493743896484
2022-12-14,GOOGL,94.41877746582031
2022-12-15,GOOGL,90.23762512207031
2022-12-16,GOOGL,89.64173889160156
2022-12-19,GOOGL,87.83419799804688
2022-12-20,GOOGL,88.41021728515625
2022-12-21,GOOGL,88.96639251708984
2022-12-22,GOOGL,87.15885162353516
2022-12-23,GOOGL,88.6187973022461
2022-12-27,GOOGL,86.79139709472656
2022-12-28,GOOGL,85.43077850341797
2022-12-29,GOOGL,87.84413146972656
2022-12-30,GOOGL,87.62564086914062
2023-01-03,GOOGL,88.50953674316406
2023-01-04,GOOGL,87.47666931152344
2023-01-05,GOOGL,85.60954284667969
2023-01-06,GOOGL,86.74172973632812
2023-01-09,GOOGL,87.41706848144531
2023-01-10,GOOGL,87.8143310546875
2023-01-11,GOOGL,90.89309692382812
2023-01-12,GOOGL,90.50577545166016
2023-01-13,GOOGL,91.48899841308594
2023-01-17,GOOGL,90.66468048095703
2023-01-18,GOOGL,90.49584197998047
2023-01-19,GOOGL,92.4126205444336
2023-01-20,GOOGL,97.34857177734375
2023-01-23,GOOGL,99.10646057128906
2023-01-24,GOOGL,97.03076171875
2023-01-25,GOOGL,94.56776428222656
2023-01-26,GOOGL,96.85198974609375
2023-01-27,GOOGL,98.6893310546875
2023-01-30,GOOGL,96.27597045898438
2023-01-31,GOOGL,98.16295623779297
2023-02-01,GOOGL,99.74207305908203
2023-02-02,GOOGL,107.00199890136719
2023-02-03,GOOGL,104.06227111816406
2023-02-06,GOOGL,102.19515991210938
2023-02-07,GOOGL,106.90267944335938
2023-02-08,GOOGL,98.6893310546875
2023-02-09,GOOGL,94.35919952392578
2023-02-10,GOOGL,93.92221069335938
2023-02-13,GOOGL,93.9619369506836
2023-02-14,GOOGL,94.0314712524414
2023-02-15,GOOGL,96.27597045898438
2023-02-16,GOOGL,94.85576629638672
2023-02-17,GOOGL,93.7037124633789
2023-02-21,GOOGL,91.1612548828125
2023-02-22,GOOGL,91.02222442626953
2023-02-23,GOOGL,90.26741790771484
2023-02-24,GOOGL,88.51946258544922
2023-02-27,GOOGL,89.25440216064453
2023-02-28,GOOGL,89.44310760498047
2023-03-01,GOOGL,89.74105072021484
2023-03-02,GOOGL,91.36981201171875
2023-03-03,GOOGL,93.00850677490234
2023-03-06,GOOGL,94.4783706665039
2023-03-07,GOOGL,93.21708679199219
2023-03-08,GOOGL,93.60440063476562
2023-03-09,GOOGL,91.68761444091797
2023-03-10,GOOGL,90.00919342041016
2023-03-13,GOOGL,90.48590850830078
2023-03-14,GOOGL,93.3263168334961
2023-03-15,GOOGL,95.45166778564453
2023-03-16,GOOGL,99.63282012939453
2023-03-17,GOOGL,100.92391967773438
2023-03-20,GOOGL,100.52665710449219
2023-03-21,GOOGL,104.20130920410156
2023-03-22,GOOGL,102.66192626953125
2023-03-23,GOOGL,104.87664794921875
2023-03-24,GOOGL,104.7177505493164
2023-03-27,GOOGL,101.75817108154297
2023-03-28,GOOGL,100.33796691894531
2023-03-29,GOOGL,100.69549560546875
2023-03-30,GOOGL,100.19892120361328
2023-03-31,GOOGL,103.01946258544922
2023-04-03,GOOGL,103.64514923095703
2023-04-04,GOOGL,104.002685546875
2023-04-05,GOOGL,103.75439453125
2023-04-06,GOOGL,107.67733764648438
2023-04-10,GOOGL,105.71089935302734
2023-04-11,GOOGL,104.62837219238281
2023-04-12,GOOGL,103.92322540283203
2023-04-13,GOOGL,106.69412231445312
2023-04-14,GOOGL,108.12425231933594
2023-04-17,GOOGL,105.24412536621094
2023-04-18,GOOGL,103.7841796875
2023-04-19,GOOGL,103.46639251708984
2023-04-20,GOOGL,104.56878662109375
2023-04-21,GOOGL,104.6879653930664
2023-04-24,GOOGL,105.24412536621094
2023-04-25,GOOGL,103.13864135742188
2023-04-26,GOOGL,102.99960327148438
2023-04-27,GOOGL,106.85301971435547
2023-04-28,GOOGL,106.604736328125
2023-05-01,GOOGL,106.4656982421875
2023-05-02,GOOGL,104.59857177734375
2023-05-03,GOOGL,104.6879653930664
2023-05-04,GOOGL,103.97289276123047
2023-05-05,GOOGL,104.84686279296875
2023-05-08,GOOGL,107.03178405761719
2023-05-09,GOOGL,106.61466217041016
2023-05-10,GOOGL,110.98452758789062
2023-05-11,GOOGL,115.77151489257812
2023-05-12,GOOGL,116.70507049560547
2023-05-15,GOOGL,115.71192932128906
2023-05-16,GOOGL,118.69137573242188
2023-05-17,GOOGL,120.01226806640625
2023-05-18,GOOGL,121.98863983154297
2023-05-19,GOOGL,121.91911315917969
2023-05-22,GOOGL,124.19343566894531
2023-05-23,GOOGL,121.72047424316406
2023-05-24,GOOGL,120.07185363769531
2023-05-25,GOOGL,122.6341781616211
2023-05-26,GOOGL,123.7564468383789
2023-05-30,GOOGL,122.82288360595703
2023-05-31,GOOGL,122.02836608886719
2023-06-01,GOOGL,122.87252807617188
2023-06-02,GOOGL,123.81602478027344
2023-06-05,GOOGL,125.1468505859375
2023-06-06,GOOGL,126.43794250488281
2023-06-07,GOOGL,121.660888671875
2023-06-08,GOOGL,121.30335235595703
2023-06-09,GOOGL,121.39275360107422
2023-06-12,GOOGL,122.79307556152344
2023-06-13,GOOGL,122.9817886352539
2023-06-14,GOOGL,122.82288360595703
2023-06-15,GOOGL,124.233154296875
2023-06-16,GOOGL,122.68384552001953
2023-06-20,GOOGL,122.25677490234375
2023-06-21,GOOGL,119.72425842285156
2023-06-22,GOOGL,122.30644989013672
2023-06-23,GOOGL,121.50198364257812
2023-06-26,GOOGL,117.52938079833984
2023-06-27,GOOGL,117.51945495605469
2023-06-28,GOOGL,119.3567886352539
2023-06-29,GOOGL,118.28417205810547
2023-06-30,GOOGL,118.88006591796875
2023-07-03,GOOGL,119.07870483398438
2023-07-05,GOOGL,120.9160385131836
2023-07-06,GOOGL,119.28726196289062
2023-07-07,GOOGL,118.66158294677734
2023-07-10,GOOGL,115.65233612060547
2023-07-11,GOOGL,116.33760833740234
2023-07-12,GOOGL,118.11534881591797
2023-07-13,GOOGL,123.68692779541016
2023-07-14,GOOGL,124.56089782714844
2023-07-17,GOOGL,123.79618072509766
2023-07-18,GOOGL,122.9122543334961
2023-07-19,GOOGL,121.1941146850586
2023-07-20,GOOGL,118.38349151611328
2023-07-21,GOOGL,119.1978759765625
2023-07-24,GOOGL,120.6975326538086
2023-07-25,GOOGL,121.37288665771484
2023-07-26,GOOGL,128.384521484375
2023-07-27,GOOGL,128.5136260986328
2023-07-28,GOOGL,131.67184448242188
2023-07-31,GOOGL,131.81088256835938
2023-08-01,GOOGL,130.64891052246094
2023-08-02,GOOGL,127.50061798095703
2023-08-03,GOOGL,127.57012176513672
2023-08-04,GOOGL,127.23246002197266
2023-08-07,GOOGL,130.62901306152344
2023-08-08,GOOGL,130.49990844726562
2023-08-09,GOOGL,128.7718505859375
2023-08-10,GOOGL,128.8016357421875
2023-08-11,GOOGL,128.67251586914062
2023-08-14,GOOGL,130.43038940429688
2023-08-15,GOOGL,128.89102172851562
2023-08-16,GOOGL,127.81841278076172
2023-08-17,GOOGL,129.03005981445312
2023-08-18,GOOGL,126.5869140625
2023-08-21,GOOGL,127.49066925048828
2023-08-22,GOOGL,128.19583129882812
2023-08-23,GOOGL,131.46327209472656
2023-08-24,GOOGL,128.89102172851562
2023-08-25,GOOGL,128.9903564453125
2023-08-28,GOOGL,130.11257934570312
2023-08-29,GOOGL,133.6482391357422
2023-08-30,GOOGL,134.94924926757812
2023-08-31,GOOGL,135.23724365234375
2023-09-01,GOOGL,134.73072814941406
2023-09-05,GOOGL,134.8400115966797
2023-09-06,GOOGL,133.53895568847656
2023-09-07,GOOGL,134.33346557617188
2023-09-08,GOOGL,135.44580078125
2023-09-11,GOOGL,135.9821319580078
2023-09-12,GOOGL,134.41293334960938
2023-09-13,GOOGL,135.77357482910156
2023-09-14,GOOGL,137.15403747558594
2023-09-15,GOOGL,136.45883178710938
2023-09-18,GOOGL,137.26327514648438
2023-09-19,GOOGL,137.09445190429688
2023-09-20,GOOGL,132.82388305664062
2023-09-21,GOOGL,129.54649353027344
2023-09-22,GOOGL,129.35780334472656
2023-09-25,GOOGL,130.2119140625
2023-09-26,GOOGL,127.6893081665039
2023-09-27,GOOGL,129.64581298828125
2023-09-28,GOOGL,131.40370178222656
2023-09-29,GOOGL,129.96363830566406
2023-10-02,GOOGL,133.25094604492188
2023-10-03,GOOGL,131.5228729248047
2023-10-04,GOOGL,134.31365966796875
2023-10-05,GOOGL,134.14480590820312
2023-10-06,GOOGL,136.63758850097656
2023-10-09,GOOGL,137.47183227539062
2023-10-10,GOOGL,137.11428833007812
2023-10-11,GOOGL,139.5872344970703
2023-10-12,GOOGL,138.01808166503906
2023-10-13,GOOGL,136.41912841796875
2023-10-16,GOOGL,138.1471710205078
2023-10-17,GOOGL,138.76295471191406
2023-10-18,GOOGL,137.0150146484375
2023-10-19,GOOGL,136.8064422607422
2023-10-20,GOOGL,134.6711883544922
2023-10-23,GOOGL,135.5649871826172
2023-10-24,GOOGL,137.85916137695312
2023-10-25,GOOGL,124.74959564208984
2023-10-26,GOOGL,121.44239807128906
2023-10-27,GOOGL,121.33316040039062
2023-10-30,GOOGL,123.60746765136719
2023-10-31,GOOGL,123.23006439208984
2023-11-01,GOOGL,125.5838394165039
2023-11-02,GOOGL,126.61671447753906
2023-11-03,GOOGL,128.21568298339844
2023-11-06,GOOGL,129.35780334472656
2023-11-07,GOOGL,130.07286071777344
2023-11-08,GOOGL,130.93690490722656
2023-11-09,GOOGL,129.34788513183594
2023-11-10,GOOGL,131.68177795410156
2023-11-13,GOOGL,131.18519592285156
2023-11-14,GOOGL,132.7047119140625
2023-11-15,GOOGL,133.69786071777344
2023-11-16,GOOGL,135.99205017089844
2023-11-17,GOOGL,134.38316345214844
2023-11-20,GOOGL,135.31671142578125
2023-11-21,GOOGL,136.0317840576172
2023-11-22,GOOGL,137.54136657714844
2023-11-24,GOOGL,135.75369262695312
2023-11-27,GOOGL,135.47561645507812
2023-11-28,GOOGL,136.26019287109375
2023-11-29,GOOGL,134.06533813476562
2023-11-30,GOOGL,131.62217712402344
2023-12-01,GOOGL,130.956787109375
2023-12-04,GOOGL,128.384521484375
2023-12-05,GOOGL,130.09275817871094
2023-12-06,GOOGL,129.12939453125
2023-12-07,GOOGL,135.99205017089844
2023-12-08,GOOGL,134.06533813476562
2023-12-11,GOOGL,132.37698364257812
2023-12-12,GOOGL,131.61227416992188
2023-12-13,GOOGL,131.6619110107422
2023-12-14,GOOGL,131.03623962402344
2023-12-15,GOOGL,131.6917266845703
2023-12-18,GOOGL,134.8697967529297
2023-12-19,GOOGL,135.71395874023438
2023-12-20,GOOGL,137.3923797607422
2023-12-21,GOOGL,139.45814514160156
2023-12-22,GOOGL,140.52081298828125
2023-12-26,GOOGL,140.5506134033203
2023-12-27,GOOGL,139.4084930419922
2023-12-28,GOOGL,139.26943969726562
2023-12-29,GOOGL,138.73313903808594
2024-01-02,GOOGL,137.2235565185547
2024-01-03,GOOGL,137.9684295654297
2024-01-04,GOOGL,135.45574951171875
2024-01-05,GOOGL,134.80026245117188
2024-01-08,GOOGL,137.88897705078125
2024-01-09,GOOGL,139.98451232910156
2024-01-10,GOOGL,141.30538940429688
2024-01-11,GOOGL,141.1067657470703
2024-01-12,GOOGL,141.67288208007812
2024-01-16,GOOGL,141.5139923095703
2024-01-17,GOOGL,140.50094604492188
2024-01-18,GOOGL,142.49716186523438
2024-01-19,GOOGL,145.37733459472656
2024-01-22,GOOGL,144.99000549316406
2024-01-23,GOOGL,146.03280639648438
2024-01-24,GOOGL,147.68142700195312
2024-01-25,GOOGL,150.82969665527344
2024-01-26,GOOGL,151.14752197265625
2024-01-29,GOOGL,152.45846557617188
2024-01-30,GOOGL,150.4225311279297
2024-01-31,GOOGL,139.14035034179688
2024-02-01,GOOGL,140.19308471679688
2024-02-02,GOOGL,141.4047088623047
2024-02-05,GOOGL,142.69581604003906
2024-02-06,GOOGL,143.11293029785156
2024-02-07,GOOGL,144.54306030273438
2024-02-08,GOOGL,144.91053771972656
2024-02-09,GOOGL,147.9793701171875
2024-02-12,GOOGL,146.51943969726562
2024-02-13,GOOGL,144.14581298828125
2024-02-14,GOOGL,144.94033813476562
2024-02-15,GOOGL,141.7920684814453
2024-02-16,GOOGL,139.55747985839844
2024-02-20,GOOGL,140.15335083007812
2024-02-21,GOOGL,141.57354736328125
2024-02-22,GOOGL,143.10301208496094
2024-02-23,GOOGL,142.97390747070312
2024-02-26,GOOGL,136.62767028808594
2024-02-27,GOOGL,137.92869567871094
2024-02-28,GOOGL,135.44580078125
2024-02-29,GOOGL,137.51158142089844
2024-03-01,GOOGL,136.2006072998047
2024-03-04,GOOGL,132.43658447265625
2024-03-05,GOOGL,131.76124572753906
2024-03-06,GOOGL,130.49990844726562
2024-03-07,GOOGL,133.4595184326172
2024-03-08,GOOGL,134.4824676513672
2024-03-11,GOOGL,136.7270050048828
2024-03-12,GOOGL,137.55128479003906
2024-03-13,GOOGL,138.8324432373047
2024-03-14,GOOGL,142.11978149414062
2024-03-15,GOOGL,140.2129364013672
2024-03-18,GOOGL,146.6684112548828
2024-03-19,GOOGL,146.02285766601562
2024-03-20,GOOGL,147.72117614746094
2024-03-21,GOOGL,146.58897399902344
2024-03-22,GOOGL,149.73724365234375
2024-03-25,GOOGL,149.04205322265625
2024-03-26,GOOGL,149.63792419433594
2024-03-27,GOOGL,149.8365478515625
2024-03-28,GOOGL,149.8961639404297
2024-04-01,GOOGL,154.42494201660156
2024-04-02,GOOGL,153.50128173828125
2024-04-03,GOOGL,153.85882568359375
2024-04-04,GOOGL,149.49888610839844
2024-04-05,GOOGL,151.45538330078125
2024-04-08,GOOGL,153.789306640625
2024-04-09,GOOGL,155.52732849121094
2024-04-10,GOOGL,155.07046508789062
2024-04-11,GOOGL,158.31808471679688
2024-04-12,GOOGL,156.64956665039062
2024-04-15,GOOGL,153.79922485351562
2024-04-16,GOOGL,153.34237670898438
2024-04-17,GOOGL,154.40504455566406
2024-04-18,GOOGL,154.9413604736328
2024-04-19,GOOGL,153.03451538085938
2024-04-22,GOOGL,155.20950317382812
2024-04-23,GOOGL,157.1759490966797
2024-04-24,GOOGL,158.04000854492188
2024-04-25,GOOGL,154.93142700195312
2024-04-26,GOOGL,170.77215576171875
2024-04-29,GOOGL,165.01190185546875
2024-04-30,GOOGL,161.6649932861328
2024-05-01,GOOGL,162.7375946044922
2024-05-02,GOOGL,165.4786834716797
2024-05-03,GOOGL,166.0944366455078
2024-05-06,GOOGL,166.9485626220703
2024-05-07,GOOGL,170.07696533203125
2024-05-08,GOOGL,168.2197723388672
2024-05-09,GOOGL,168.79580688476562
2024-05-10,GOOGL,167.49476623535156
2024-05-13,GOOGL,167.98141479492188
2024-05-14,GOOGL,169.17318725585938
2024-05-15,GOOGL,171.32833862304688
2024-05-16,GOOGL,172.98687744140625
2024-05-17,GOOGL,174.85401916503906
2024-05-20,GOOGL,175.70811462402344
2024-05-21,GOOGL,176.63177490234375
2024-05-22,GOOGL,175.1718292236328
2024-05-23,GOOGL,172.3612060546875
2024-05-24,GOOGL,173.79135131835938
2024-05-28,GOOGL,175.19168090820312
2024-05-29,GOOGL,174.69509887695312
2024-05-30,GOOGL,170.9310760498047
2024-05-31,GOOGL,171.31838989257812
2024-06-03,GOOGL,171.9838104248047
2024-06-04,GOOGL,172.59954833984375
2024-06-05,GOOGL,174.20846557617188
2024-06-06,GOOGL,175.51943969726562
2024-06-07,GOOGL,173.2649688720703
2024-06-10,GOOGL,174.0106964111328
2024-06-11,GOOGL,175.61148071289062
2024-06-12,GOOGL,176.7748260498047
2024-06-13,GOOGL,174.1598358154297
2024-06-14,GOOGL,175.78053283691406
2024-06-17,GOOGL,176.22796630859375
2024-06-18,GOOGL,174.09022521972656
2024-06-20,GOOGL,175.2933349609375
2024-06-21,GOOGL,178.6043243408203
2024-06-24,GOOGL,178.19664001464844
2024-06-25,GOOGL,182.97918701171875
2024-06-26,GOOGL,182.83006286621094
2024-06-27,GOOGL,184.35130310058594
2024-06-28,GOOGL,181.1099090576172
2024-07-01,GOOGL,181.94512939453125
2024-07-02,GOOGL,184.18228149414062
2024-07-03,GOOGL,184.75897216796875
2024-07-05,GOOGL,189.51168823242188
2024-07-08,GOOGL,187.95062255859375
2024-07-09,GOOGL,187.9009246826172
2024-07-10,GOOGL,190.08834838867188
2024-07-11,GOOGL,184.51039123535156
2024-07-12,GOOGL,184.01324462890625
2024-07-15,GOOGL,185.46490478515625
2024-07-16,GOOGL,182.86981201171875
2024-07-17,GOOGL,179.9863739013672
2024-07-18,GOOGL,176.67539978027344
2024-07-19,GOOGL,176.6455535888672
2024-07-22,GOOGL,180.63265991210938
2024-07-23,GOOGL,180.751953125
2024-07-24,GOOGL,171.644287109375
2024-07-25,GOOGL,166.32484436035156
2024-07-26,GOOGL,166.0464324951172
2024-07-29,GOOGL,168.56195068359375
2024-07-30,GOOGL,169.317626953125
2024-07-31,GOOGL,170.56048583984375
2024-08-01,GOOGL,169.78494262695312
2024-08-02,GOOGL,165.70838928222656
2024-08-05,GOOGL,158.34068298339844
2024-08-06,GOOGL,157.3861541748047
2024-08-07,GOOGL,158.03245544433594
2024-08-08,GOOGL,161.10479736328125
2024-08-09,GOOGL,162.73544311523438
2024-08-12,GOOGL,161.36331176757812
2024-08-13,GOOGL,163.22264099121094
2024-08-14,GOOGL,159.45425415039062
2024-08-15,GOOGL,160.3789825439453
2024-08-16,GOOGL,162.02947998046875
2024-08-19,GOOGL,165.7183074951172
2024-08-20,GOOGL,166.22540283203125
2024-08-21,GOOGL,164.9029998779297
2024-08-22,GOOGL,162.8647003173828
2024-08-23,GOOGL,164.67430114746094
2024-08-26,GOOGL,165.2112274169922
2024-08-27,GOOGL,163.7396697998047
2024-08-28,GOOGL,161.9201202392578
2024-08-29,GOOGL,160.85623168945312
2024-08-30,GOOGL,162.44711303710938
2024-09-03,GOOGL,156.4614715576172
2024-09-04,GOOGL,155.55665588378906
2024-09-05,GOOGL,156.34214782714844
2024-09-06,GOOGL,150.05824279785156
2024-09-09,GOOGL,148.05706787109375
2024-09-10,GOOGL,148.00729370117188
2024-09-11,GOOGL,150.49630737304688
2024-09-12,GOOGL,154.0108184814453
2024-09-13,GOOGL,156.76866149902344
2024-09-16,GOOGL,157.36599731445312
2024-09-17,GOOGL,158.62049865722656
2024-09-18,GOOGL,159.10833740234375
2024-09-19,GOOGL,161.4281005859375
2024-09-20,GOOGL,162.87173461914062
2024-09-23,GOOGL,161.13937377929688
2024-09-24,GOOGL,161.5774383544922
2024-09-25,GOOGL,160.7809600830078
2024-09-26,GOOGL,162.0155029296875
2024-09-27,GOOGL,163.2301483154297
2024-09-30,GOOGL,165.12181091308594
2024-10-01,GOOGL,166.25680541992188
2024-10-02,GOOGL,165.13177490234375
2024-10-03,GOOGL,165.13177490234375
2024-10-04,GOOGL,166.32650756835938
2024-10-07,GOOGL,162.26441955566406
2024-10-08,GOOGL,163.65826416015625
2024-10-09,GOOGL,161.1493377685547
2024-10-10,GOOGL,161.3683624267578
2024-10-11,GOOGL,162.5232696533203
2024-10-14,GOOGL,164.2357177734375
2024-10-15,GOOGL,164.73353576660156
2024-10-16,GOOGL,164.43484497070312
2024-10-17,GOOGL,162.21461486816406
2024-10-18,GOOGL,162.70248413085938
2024-10-21,GOOGL,163.34963989257812
2024-10-22,GOOGL,164.41493225097656
2024-10-23,GOOGL,162.0653076171875
2024-10-24,GOOGL,162.0055389404297
2024-10-25,GOOGL,164.54437255859375
2024-10-28,GOOGL,165.9879913330078
2024-10-29,GOOGL,168.9349822998047
2024-10-30,GOOGL,173.69400024414062
2024-10-31,GOOGL,170.3587188720703
2024-11-01,GOOGL,170.53790283203125
2024-11-04,GOOGL,168.49691772460938
2024-11-05,GOOGL,168.9947509765625
2024-11-06,GOOGL,175.73500061035156
2024-11-07,GOOGL,179.95639038085938
2024-11-08,GOOGL,177.5669403076172
2024-11-11,GOOGL,179.5581512451172
2024-11-12,GOOGL,180.82257080078125
2024-11-13,GOOGL,178.0946044921875
2024-11-14,GOOGL,174.80909729003906
2024-11-15,GOOGL,171.73265075683594
2024-11-18,GOOGL,174.5303192138672
2024-11-19,GOOGL,177.3379364013672
2024-11-20,GOOGL,175.2073211669922
2024-11-21,GOOGL,166.8939971923828
2024-11-22,GOOGL,164.03659057617188
2024-11-25,GOOGL,166.9138946533203
2024-11-26,GOOGL,168.37744140625
2024-11-27,GOOGL,168.48696899414062
2024-11-29,GOOGL,168.20819091796875
2024-12-02,GOOGL,170.73704528808594
2024-12-03,GOOGL,170.5876922607422
2024-12-04,GOOGL,173.60438537597656
2024-12-05,GOOGL,171.8820037841797
2024-12-06,GOOGL,173.9429168701172
2024-12-09,GOOGL,174.80010986328125
2024-12-10,GOOGL,184.56826782226562
2024-12-11,GOOGL,194.76502990722656
2024-12-12,GOOGL,191.33621215820312
2024-12-13,GOOGL,189.20315551757812
2024-12-16,GOOGL,196.02093505859375
2024-12-17,GOOGL,194.7849578857422
2024-12-18,GOOGL,187.7877655029297
2024-12-19,GOOGL,187.8974151611328
2024-12-20,GOOGL,190.78799438476562
2024-12-23,GOOGL,193.99754333496094
2024-12-24,GOOGL,195.47271728515625
2024-12-26,GOOGL,194.96438598632812
2024-12-27,GOOGL,192.1335906982422
2024-12-30,GOOGL,190.61856079101562
2024-12-31,GOOGL,188.6848602294922
2022-01-03,MSFT,323.8984069824219
2022-01-04,MSFT,318.3444519042969
2022-01-05,MSFT,306.1239318847656
2022-01-06,MSFT,303.7049560546875
2022-01-07,MSFT,303.8597412109375
2022-01-10,MSFT,304.0822448730469
2022-01-11,MSFT,304.7693176269531
2022-01-12,MSFT,307.9526062011719
2022-01-13,MSFT,294.9192810058594
2022-01-14,MSFT,300.144287109375
2022-01-18,MSFT,292.8389892578125
2022-01-19,MSFT,293.4969177246094
2022-01-20,MSFT,291.8230285644531
2022-01-21,MSFT,286.4335632324219
2022-01-24,MSFT,286.7625732421875
2022-01-25,MSFT,279.1380310058594
2022-01-26,MSFT,287.0915222167969
2022-01-27,MSFT,290.1200866699219
2022-01-28,MSFT,298.26715087890625
2022-01-31,MSFT,300.89886474609375
2022-02-01,MSFT,298.75091552734375
2022-02-02,MSFT,303.29852294921875
2022-02-03,MSFT,291.48431396484375
2022-02-04,MSFT,296.02239990234375
2022-02-07,MSFT,291.1940612792969
2022-02-08,MSFT,294.6870422363281
2022-02-09,MSFT,301.1214904785156
2022-02-10,MSFT,292.57763671875
2022-02-11,MSFT,285.4757385253906
2022-02-14,MSFT,285.4369201660156
2022-02-15,MSFT,290.7296142578125
2022-02-16,MSFT,290.3902282714844
2022-02-17,MSFT,281.8870544433594
2022-02-18,MSFT,279.17218017578125
2022-02-22,MSFT,278.96856689453125
2022-02-23,MSFT,271.74517822265625
2022-02-24,MSFT,285.629638671875
2022-02-25,MSFT,288.2669372558594
2022-02-28,MSFT,289.7018737792969
2022-03-01,MSFT,285.9787292480469
2022-03-02,MSFT,291.0592956542969
2022-03-03,MSFT,286.91925048828125
2022-03-04,MSFT,281.0434875488281
2022-03-07,MSFT,270.42657470703125
2022-03-08,MSFT,267.45965576171875
2022-03-09,MSFT,279.724853515625
2022-03-10,MSFT,276.90338134765625
2022-03-11,MSFT,271.55126953125
2022-03-14,MSFT,268.03173828125
2022-03-15,MSFT,278.41595458984375
2022-03-16,MSFT,285.4356994628906
2022-03-17,MSFT,286.2404479980469
2022-03-18,MSFT,291.2919921875
2022-03-21,MSFT,290.0606384277344
2022-03-22,MSFT,294.81158447265625
2022-03-23,MSFT,290.3806457519531
2022-03-24,MSFT,294.85040283203125
2022-03-25,MSFT,294.4431457519531
2022-03-28,MSFT,301.2496337890625
2022-03-29,MSFT,305.8163757324219
2022-03-30,MSFT,304.3134765625
2022-03-31,MSFT,298.9323425292969
2022-04-01,MSFT,300.008544921875
2022-04-04,MSFT,305.3897705078125
2022-04-05,MSFT,301.4241638183594
2022-04-06,MSFT,290.3902282714844
2022-04-07,MSFT,292.203369140625
2022-04-08,MSFT,287.9372253417969
2022-04-11,MSFT,276.5834045410156
2022-04-12,MSFT,273.4807434082031
2022-04-13,MSFT,278.87164306640625
2022-04-14,MSFT,271.318603515625
2022-04-18,MSFT,271.987548828125
2022-04-19,MSFT,276.6221923828125
2022-04-20,MSFT,277.6499328613281
2022-04-21,MSFT,272.2687683105469
2022-04-22,MSFT,265.6949768066406
2022-04-25,MSFT,272.1815185546875
2022-04-26,MSFT,262.0008850097656
2022-04-27,MSFT,274.60546875
2022-04-28,MSFT,280.82049560546875
2022-04-29,MSFT,269.0788269042969
2022-05-02,MSFT,275.8174133300781
2022-05-03,MSFT,273.20928955078125
2022-05-04,MSFT,281.15985107421875
2022-05-05,MSFT,268.91400146484375
2022-05-06,MSFT,266.3738098144531
2022-05-09,MSFT,256.5324401855469
2022-05-10,MSFT,261.3027038574219
2022-05-11,MSFT,252.625
2022-05-12,MSFT,247.58316040039062
2022-05-13,MSFT,253.17764282226562
2022-05-16,MSFT,253.5460968017578
2022-05-17,MSFT,258.704345703125
2022-05-18,MSFT,246.9255828857422
2022-05-19,MSFT,246.01205444335938
2022-05-20,MSFT,245.4483642578125
2022-05-23,MSFT,253.3105926513672
2022-05-24,MSFT,252.30953979492188
2022-05-25,MSFT,255.12791442871094
2022-05-26,MSFT,258.4127197265625
2022-05-27,MSFT,265.54608154296875
2022-05-31,MSFT,264.214599609375
2022-06-01,MSFT,264.74920654296875
2022-06-02,MSFT,266.8483581542969
2022-06-03,MSFT,262.4167785644531
2022-06-06,MSFT,261.1824951171875
2022-06-07,MSFT,264.826904296875
2022-06-08,MSFT,262.7957458496094
2022-06-09,MSFT,257.3340148925781
2022-06-10,MSFT,245.8662872314453
2022-06-13,MSFT,235.43841552734375
2022-06-14,MSFT,237.6056365966797
2022-06-15,MSFT,244.67088317871094
2022-06-16,MSFT,238.0720977783203
2022-06-17,MSFT,240.67662048339844
2022-06-21,MSFT,246.59515380859375
2022-06-22,MSFT,246.00233459472656
2022-06-23,MSFT,251.57102966308594
2022-06-24,MSFT,260.162109375
2022-06-27,MSFT,257.43121337890625
2022-06-28,MSFT,249.25799560546875
2022-06-29,MSFT,252.93154907226562
2022-06-30,MSFT,249.5980987548828
2022-07-01,MSFT,252.27069091796875
2022-07-05,MSFT,255.4486846923828
2022-07-06,MSFT,258.7139892578125
2022-07-07,MSFT,260.8423156738281
2022-07-08,MSFT,260.1231994628906
2022-07-11,MSFT,257.0619201660156
2022-07-12,MSFT,246.52711486816406
2022-07-13,MSFT,245.60386657714844
2022-07-14,MSFT,246.9255828857422
2022-07-15,MSFT,249.49127197265625
2022-07-18,MSFT,247.09080505371094
2022-07-19,MSFT,252.2221221923828
2022-07-20,MSFT,254.88491821289062
2022-07-21,MSFT,257.3825988769531
2022-07-22,MSFT,253.02877807617188
2022-07-25,MSFT,251.5418243408203
2022-07-26,MSFT,244.8069610595703
2022-07-27,MSFT,261.1728210449219
2022-07-28,MSFT,268.6268310546875
2022-07-29,MSFT,272.8348693847656
2022-08-01,MSFT,270.18182373046875
2022-08-02,MSFT,267.08160400390625
2022-08-03,MSFT,274.5162048339844
2022-08-04,MSFT,275.6629943847656
2022-08-05,MSFT,274.9437561035156
2022-08-08,MSFT,272.4267578125
2022-08-09,MSFT,274.3509521484375
2022-08-10,MSFT,281.017822265625
2022-08-11,MSFT,278.9380798339844
2022-08-12,MSFT,283.6903991699219
2022-08-15,MSFT,285.2064208984375
2022-08-16,MSFT,284.46783447265625
2022-08-17,MSFT,283.7178955078125
2022-08-18,MSFT,282.5979309082031
2022-08-19,MSFT,278.6827697753906
2022-08-22,MSFT,270.5020446777344
2022-08-23,MSFT,269.2261962890625
2022-08-24,MSFT,268.5931701660156
2022-08-25,MSFT,271.5733642578125
2022-08-26,MSFT,261.0940856933594
2022-08-29,MSFT,258.30877685546875
2022-08-30,MSFT,256.10772705078125
2022-08-31,MSFT,254.6468963623047
2022-09-01,MSFT,253.6048126220703
2022-09-02,MSFT,249.37803649902344
2022-09-06,MSFT,246.64137268066406
2022-09-07,MSFT,251.3550567626953
2022-09-08,MSFT,251.7738037109375
2022-09-09,MSFT,257.5588684082031
2022-09-12,MSFT,259.69171142578125
2022-09-13,MSFT,245.41424560546875
2022-09-14,MSFT,245.6382293701172
2022-09-15,MSFT,238.9767608642578
2022-09-16,MSFT,238.35342407226562
2022-09-19,MSFT,238.13917541503906
2022-09-20,MSFT,236.12318420410156
2022-09-21,MSFT,232.71453857421875
2022-09-22,MSFT,234.69155883789062
2022-09-23,MSFT,231.71139526367188
2022-09-26,MSFT,231.25364685058594
2022-09-27,MSFT,230.2407989501953
2022-09-28,MSFT,234.7792205810547
2022-09-29,MSFT,231.30238342285156
2022-09-30,MSFT,226.82240295410156
2022-10-03,MSFT,234.45782470703125
2022-10-04,MSFT,242.38540649414062
2022-10-05,MSFT,242.6970672607422
2022-10-06,MSFT,240.34996032714844
2022-10-07,MSFT,228.12744140625
2022-10-10,MSFT,223.26763916015625
2022-10-11,MSFT,219.5278778076172
2022-10-12,MSFT,219.85902404785156
2022-10-13,MSFT,228.12744140625
2022-10-14,MSFT,222.5956573486328
2022-10-17,MSFT,231.3315887451172
2022-10-18,MSFT,232.27630615234375
2022-10-19,MSFT,230.30897521972656
2022-10-20,MSFT,229.9875946044922
2022-10-21,MSFT,235.8018341064453
2022-10-24,MSFT,240.7979278564453
2022-10-25,MSFT,244.11895751953125
2022-10-26,MSFT,225.2836456298828
2022-10-27,MSFT,220.83287048339844
2022-10-28,MSFT,229.71487426757812
2022-10-31,MSFT,226.072509765625
2022-11-01,MSFT,222.21585083007812
2022-11-02,MSFT,214.35643005371094
2022-11-03,MSFT,208.6591033935547
2022-11-04,MSFT,215.61276245117188
2022-11-07,MSFT,221.9236602783203
2022-11-08,MSFT,222.89755249023438
2022-11-09,MSFT,218.65133666992188
2022-11-10,MSFT,236.63938903808594
2022-11-11,MSFT,240.66159057617188
2022-11-14,MSFT,235.24668884277344
2022-11-15,MSFT,235.65570068359375
2022-11-16,MSFT,236.08543395996094
2022-11-17,MSFT,236.0365753173828
2022-11-18,MSFT,235.5873565673828
2022-11-21,MSFT,236.39797973632812
2022-11-22,MSFT,239.30838012695312
2022-11-23,MSFT,241.798828125
2022-11-25,MSFT,241.7109375
2022-11-28,MSFT,236.11473083496094
2022-11-29,MSFT,234.7181396484375
2022-11-30,MSFT,249.18231201171875
2022-12-01,MSFT,248.74282836914062
2022-12-02,MSFT,249.06509399414062
2022-12-05,MSFT,244.357666015625
2022-12-06,MSFT,239.3962860107422
2022-12-07,MSFT,238.6637725830078
2022-12-08,MSFT,241.623046875
2022-12-09,MSFT,239.6892852783203
2022-12-12,MSFT,246.6137237548828
2022-12-13,MSFT,250.92074584960938
2022-12-14,MSFT,251.21376037597656
2022-12-15,MSFT,243.19544982910156
2022-12-16,MSFT,238.97630310058594
2022-12-19,MSFT,234.8352813720703
2022-12-20,MSFT,236.15377807617188
2022-12-21,MSFT,238.72238159179688
2022-12-22,MSFT,232.62811279296875
2022-12-23,MSFT,233.155517578125
2022-12-27,MSFT,231.4268035888672
2022-12-28,MSFT,229.05357360839844
2022-12-29,MSFT,235.38223266601562
2022-12-30,MSFT,234.2200469970703
2023-01-03,MSFT,233.98568725585938
2023-01-04,MSFT,223.7503662109375
2023-01-05,MSFT,217.11891174316406
2023-01-06,MSFT,219.67774963378906
2023-01-09,MSFT,221.81658935546875
2023-01-10,MSFT,223.50621032714844
2023-01-11,MSFT,230.26461791992188
2023-01-12,MSFT,232.9406280517578
2023-01-13,MSFT,233.64381408691406
2023-01-17,MSFT,234.73768615722656
2023-01-18,MSFT,230.3036346435547
2023-01-19,MSFT,226.51426696777344
2023-01-20,MSFT,234.61070251464844
2023-01-23,MSFT,236.91555786132812
2023-01-24,MSFT,236.38821411132812
2023-01-25,MSFT,234.99163818359375
2023-01-26,MSFT,242.20904541015625
2023-01-27,MSFT,242.36532592773438
2023-01-30,MSFT,237.04257202148438
2023-01-31,MSFT,242.02346801757812
2023-02-01,MSFT,246.8480987548828
2023-02-02,MSFT,258.4214172363281
2023-02-03,MSFT,252.31736755371094
2023-02-06,MSFT,250.7742156982422
2023-02-07,MSFT,261.31231689453125
2023-02-08,MSFT,260.50164794921875
2023-02-09,MSFT,257.46429443359375
2023-02-10,MSFT,256.95648193359375
2023-02-13,MSFT,264.9845275878906
2023-02-14,MSFT,265.8146667480469
2023-02-15,MSFT,263.6900329589844
2023-02-16,MSFT,256.6698303222656
2023-02-17,MSFT,252.66539001464844
2023-02-21,MSFT,247.38809204101562
2023-02-22,MSFT,246.2523193359375
2023-02-23,MSFT,249.44418334960938
2023-02-24,MSFT,244.01019287109375
2023-02-27,MSFT,244.93055725097656
2023-02-28,MSFT,244.2059783935547
2023-03-01,MSFT,241.12185668945312
2023-03-02,MSFT,245.86070251464844
2023-03-03,MSFT,249.95327758789062
2023-03-06,MSFT,251.500244140625
2023-03-07,MSFT,248.83717346191406
2023-03-08,MSFT,248.3965301513672
2023-03-09,MSFT,247.04539489746094
2023-03-10,MSFT,243.39340209960938
2023-03-13,MSFT,248.6119384765625
2023-03-14,MSFT,255.3383331298828
2023-03-15,MSFT,259.89111328125
2023-03-16,MSFT,270.42620849609375
2023-03-17,MSFT,273.588623046875
2023-03-20,MSFT,266.5391845703125
2023-03-21,MSFT,268.0567626953125
2023-03-22,MSFT,266.5979309082031
2023-03-23,MSFT,271.855712890625
2023-03-24,MSFT,274.70489501953125
2023-03-27,MSFT,270.6024475097656
2023-03-28,MSFT,269.4764709472656
2023-03-29,MSFT,274.6461181640625
2023-03-30,MSFT,278.11212158203125
2023-03-31,MSFT,282.27325439453125
2023-04-03,MSFT,281.2256164550781
2023-04-04,MSFT,281.1766357421875
2023-04-05,MSFT,278.39599609375
2023-04-06,MSFT,285.5043029785156
2023-04-10,MSFT,283.3404846191406
2023-04-11,MSFT,276.9176330566406
2023-04-12,MSFT,277.56378173828125
2023-04-13,MSFT,283.7810363769531
2023-04-14,MSFT,280.15838623046875
2023-04-17,MSFT,282.7627868652344
2023-04-18,MSFT,282.3417663574219
2023-04-19,MSFT,282.4200744628906
2023-04-20,MSFT,280.1290283203125
2023-04-21,MSFT,279.78631591796875
2023-04-24,MSFT,275.8797302246094
2023-04-25,MSFT,269.6625671386719
2023-04-26,MSFT,289.1954040527344
2023-04-27,MSFT,298.4577331542969
2023-04-28,MSFT,300.8368835449219
2023-05-01,MSFT,299.17242431640625
2023-05-02,MSFT,299.0255432128906
2023-05-03,MSFT,298.0367126464844
2023-05-04,MSFT,299.0255432128906
2023-05-05,MSFT,304.1559753417969
2023-05-08,MSFT,302.1978454589844
2023-05-09,MSFT,300.582275390625
2023-05-10,MSFT,305.78131103515625
2023-05-11,MSFT,303.6273193359375
2023-05-12,MSFT,302.51116943359375
2023-05-15,MSFT,302.9908752441406
2023-05-16,MSFT,305.2232360839844
2023-05-17,MSFT,308.1080627441406
2023-05-18,MSFT,312.5432434082031
2023-05-19,MSFT,312.36663818359375
2023-05-22,MSFT,315.1533203125
2023-05-23,MSFT,309.3444519042969
2023-05-24,MSFT,307.9609069824219
2023-05-25,MSFT,319.8044128417969
2023-05-26,MSFT,326.6436462402344
2023-05-30,MSFT,324.9951477050781
2023-05-31,MSFT,322.22808837890625
2023-06-01,MSFT,326.3393859863281
2023-06-02,MSFT,329.1064758300781
2023-06-05,MSFT,329.6363830566406
2023-06-06,MSFT,327.4187927246094
2023-06-07,MSFT,317.3120422363281
2023-06-08,MSFT,319.1568298339844
2023-06-09,MSFT,320.6580505371094
2023-06-12,MSFT,325.6231384277344
2023-06-13,MSFT,328.0173645019531
2023-06-14,MSFT,331.0101318359375
2023-06-15,MSFT,341.56829833984375
2023-06-16,MSFT,335.9065246582031
2023-06-20,MSFT,331.706787109375
2023-06-21,MSFT,327.301025390625
2023-06-22,MSFT,333.335693359375
2023-06-23,MSFT,328.733642578125
2023-06-26,MSFT,322.4341735839844
2023-06-27,MSFT,328.2920837402344
2023-06-28,MSFT,329.548095703125
2023-06-29,MSFT,328.7630920410156
2023-06-30,MSFT,334.15008544921875
2023-07-03,MSFT,331.6479187011719
2023-07-05,MSFT,331.8049011230469
2023-07-06,MSFT,334.8663635253906
2023-07-07,MSFT,330.8924255371094
2023-07-10,MSFT,325.6034851074219
2023-07-11,MSFT,326.23150634765625
2023-07-12,MSFT,330.8727722167969
2023-07-13,MSFT,336.2303161621094
2023-07-14,MSFT,338.76190185546875
2023-07-17,MSFT,339.24273681640625
2023-07-18,MSFT,352.74444580078125
2023-07-19,MSFT,348.4172058105469
2023-07-20,MSFT,340.3612365722656
2023-07-21,MSFT,337.3194885253906
2023-07-24,MSFT,338.63433837890625
2023-07-25,MSFT,344.3941345214844
2023-07-26,MSFT,331.4320068359375
2023-07-27,MSFT,324.51434326171875
2023-07-28,MSFT,332.0207824707031
2023-07-31,MSFT,329.6167297363281
2023-08-01,MSFT,330.02886962890625
2023-08-02,MSFT,321.35479736328125
2023-08-03,MSFT,320.5304870605469
2023-08-04,MSFT,321.62945556640625
2023-08-07,MSFT,323.915771484375
2023-08-08,MSFT,319.93194580078125
2023-08-09,MSFT,316.1837158203125
2023-08-10,MSFT,316.8704528808594
2023-08-11,MSFT,314.9865417480469
2023-08-14,MSFT,317.959716796875
2023-08-15,MSFT,315.8205261230469
2023-08-16,MSFT,315.0535583496094
2023-08-17,MSFT,311.5923767089844
2023-08-18,MSFT,311.1990051269531
2023-08-21,MSFT,316.5089111328125
2023-08-22,MSFT,317.0791931152344
2023-08-23,MSFT,321.54345703125
2023-08-24,MSFT,314.6307678222656
2023-08-25,MSFT,317.590576171875
2023-08-28,MSFT,318.298583984375
2023-08-29,MSFT,322.929931640625
2023-08-30,MSFT,323.3036193847656
2023-08-31,MSFT,322.2908630371094
2023-09-01,MSFT,323.17584228515625
2023-09-05,MSFT,327.9841613769531
2023-09-06,MSFT,327.32537841796875
2023-09-07,MSFT,324.4049377441406
2023-09-08,MSFT,328.6921081542969
2023-09-11,MSFT,332.3009033203125
2023-09-12,MSFT,326.2338562011719
2023-09-13,MSFT,330.4523620605469
2023-09-14,MSFT,333.04827880859375
2023-09-15,MSFT,324.709716796875
2023-09-18,MSFT,323.569091796875
2023-09-19,MSFT,323.1659240722656
2023-09-20,MSFT,315.4174499511719
2023-09-21,MSFT,314.1981506347656
2023-09-22,MSFT,311.72015380859375
2023-09-25,MSFT,312.2413635253906
2023-09-26,MSFT,306.93145751953125
2023-09-27,MSFT,307.570556640625
2023-09-28,MSFT,308.40643310546875
2023-09-29,MSFT,310.4812316894531
2023-10-02,MSFT,316.43023681640625
2023-10-03,MSFT,308.16058349609375
2023-10-04,MSFT,313.6376647949219
2023-10-05,MSFT,314.03094482421875
2023-10-06,MSFT,321.79913330078125
2023-10-09,MSFT,324.3164367675781
2023-10-10,MSFT,322.9103088378906
2023-10-11,MSFT,326.8730163574219
2023-10-12,MSFT,325.63409423828125
2023-10-13,MSFT,322.2613220214844
2023-10-16,MSFT,327.0893859863281
2023-10-17,MSFT,326.5190124511719
2023-10-18,MSFT,324.6015625
2023-10-19,MSFT,325.7913818359375
2023-10-20,MSFT,321.218994140625
2023-10-23,MSFT,323.8247985839844
2023-10-24,MSFT,325.0146179199219
2023-10-25,MSFT,334.9853820800781
2023-10-26,MSFT,322.4186706542969
2023-10-27,MSFT,324.306640625
2023-10-30,MSFT,331.6814270019531
2023-10-31,MSFT,332.4681091308594
2023-11-01,MSFT,340.2952575683594
2023-11-02,MSFT,342.50775146484375
2023-11-03,MSFT,346.9129638671875
2023-11-06,MSFT,350.5806884765625
2023-11-07,MSFT,354.5140075683594
2023-11-08,MSFT,357.13946533203125
2023-11-09,MSFT,354.6712951660156
2023-11-10,MSFT,363.50152587890625
2023-11-13,MSFT,360.5613098144531
2023-11-14,MSFT,364.0914306640625
2023-11-15,MSFT,364.2392883300781
2023-11-16,MSFT,370.6437683105469
2023-11-17,MSFT,364.4165954589844
2023-11-20,MSFT,371.89508056640625
2023-11-21,MSFT,367.58935546875
2023-11-22,MSFT,372.299072265625
2023-11-24,MSFT,371.88525390625
2023-11-27,MSFT,373.04791259765625
2023-11-28,MSFT,377.07781982421875
2023-11-29,MSFT,373.28436279296875
2023-11-30,MSFT,373.3434753417969
2023-12-01,MSFT,369.0081481933594
2023-12-04,MSFT,363.717041015625
2023-12-05,MSFT,367.04736328125
2023-12-06,MSFT,363.38201904296875
2023-12-07,MSFT,365.50042724609375
2023-12-08,MSFT,368.7322998046875
2023-12-11,MSFT,365.8453369140625
2023-12-12,MSFT,368.8800354003906
2023-12-13,MSFT,368.8702087402344
2023-12-14,MSFT,360.55419921875
2023-12-15,MSFT,365.28369140625
2023-12-18,MSFT,367.17547607421875
2023-12-19,MSFT,367.77655029296875
2023-12-20,MSFT,365.17529296875
2023-12-21,MSFT,368.0523986816406
2023-12-22,MSFT,369.07708740234375
2023-12-26,MSFT,369.15594482421875
2023-12-27,MSFT,368.5745849609375
2023-12-28,MSFT,369.7668151855469
2023-12-29,MSFT,370.5156555175781
2024-01-02,MSFT,365.421630859375
2024-01-03,MSFT,365.15557861328125
2024-01-04,MSFT,362.53460693359375
2024-01-05,MSFT,362.34747314453125
2024-01-08,MSFT,369.1854553222656
2024-01-09,MSFT,370.2693786621094
2024-01-10,MSFT,377.1468200683594
2024-01-11,MSFT,378.9794616699219
2024-01-12,MSFT,382.76312255859375
2024-01-16,MSFT,384.5365905761719
2024-01-17,MSFT,383.7483825683594
2024-01-18,MSFT,388.0837097167969
2024-01-19,MSFT,392.8132019042969
2024-01-22,MSFT,390.6849670410156
2024-01-23,MSFT,393.03985595703125
2024-01-24,MSFT,396.64605712890625
2024-01-25,MSFT,398.9221496582031
2024-01-26,MSFT,397.99591064453125
2024-01-29,MSFT,403.70086669921875
2024-01-30,MSFT,402.58746337890625
2024-01-31,MSFT,391.73919677734375
2024-02-01,MSFT,397.8481750488281
2024-02-02,MSFT,405.1788330078125
2024-02-05,MSFT,399.6906433105469
2024-02-06,MSFT,399.53302001953125
2024-02-07,MSFT,407.96728515625
2024-02-08,MSFT,408.0263671875
2024-02-09,MSFT,414.3717346191406
2024-02-12,MSFT,409.15948486328125
2024-02-13,MSFT,400.350830078125
2024-02-14,MSFT,404.2203674316406
2024-02-15,MSFT,401.32806396484375
2024-02-16,MSFT,398.8602600097656
2024-02-20,MSFT,397.6065979003906
2024-02-21,MSFT,397.0044250488281
2024-02-22,MSFT,406.3525695800781
2024-02-23,MSFT,405.0594177246094
2024-02-26,MSFT,402.2955322265625
2024-02-27,MSFT,402.2362365722656
2024-02-28,MSFT,402.47314453125
2024-02-29,MSFT,408.3169860839844
2024-03-01,MSFT,410.1530456542969
2024-03-04,MSFT,409.5805358886719
2024-03-05,MSFT,397.4684143066406
2024-03-06,MSFT,396.91558837890625
2024-03-07,MSFT,403.8749084472656
2024-03-08,MSFT,400.992431640625
2024-03-11,MSFT,399.31427001953125
2024-03-12,MSFT,409.9358825683594
2024-03-13,MSFT,409.75823974609375
2024-03-14,MSFT,419.7479553222656
2024-03-15,MSFT,411.0611877441406
2024-03-18,MSFT,411.94964599609375
2024-03-19,MSFT,415.9869689941406
2024-03-20,MSFT,419.7578430175781
2024-03-21,MSFT,423.84454345703125
2024-03-22,MSFT,423.22265625
2024-03-25,MSFT,417.4183654785156
2024-03-26,MSFT,416.2239074707031
2024-03-27,MSFT,416.0067443847656
2024-03-28,MSFT,415.30584716796875
2024-04-01,MSFT,419.1063232421875
2024-04-02,MSFT,416.0166320800781
2024-04-03,MSFT,415.0393371582031
2024-04-04,MSFT,412.5024108886719
2024-04-05,MSFT,420.0440673828125
2024-04-08,MSFT,419.1260986328125
2024-04-09,MSFT,420.7943420410156
2024-04-10,MSFT,417.8132019042969
2024-04-11,MSFT,422.42303466796875
2024-04-12,MSFT,416.4706726074219
2024-04-15,MSFT,408.3169860839844
2024-04-16,MSFT,409.2449035644531
2024-04-17,MSFT,406.5401306152344
2024-04-18,MSFT,399.06756591796875
2024-04-19,MSFT,393.9838562011719
2024-04-22,MSFT,395.8001403808594
2024-04-23,MSFT,402.3251037597656
2024-04-24,MSFT,403.7959289550781
2024-04-25,MSFT,393.90484619140625
2024-04-26,MSFT,401.0911560058594
2024-04-29,MSFT,397.07354736328125
2024-04-30,MSFT,384.31976318359375
2024-05-01,MSFT,389.85760498046875
2024-05-02,MSFT,392.72027587890625
2024-05-03,MSFT,401.4267883300781
2024-05-06,MSFT,408.21826171875
2024-05-07,MSFT,404.07232666015625
2024-05-08,MSFT,405.2568664550781
2024-05-09,MSFT,407.01397705078125
2024-05-10,MSFT,409.4028015136719
2024-05-13,MSFT,408.39593505859375
2024-05-14,MSFT,411.1993713378906
2024-05-15,MSFT,418.3887939453125
2024-05-16,MSFT,416.3219299316406
2024-05-17,MSFT,415.5506286621094
2024-05-20,MSFT,420.6237487792969
2024-05-21,MSFT,424.2826843261719
2024-05-22,MSFT,425.74627685546875
2024-05-23,MSFT,422.2653503417969
2024-05-24,MSFT,425.39031982421875
2024-05-28,MSFT,425.54852294921875
2024-05-29,MSFT,424.4112854003906
2024-05-30,MSFT,410.07208251953125
2024-05-31,MSFT,410.5269775390625
2024-06-03,MSFT,408.93475341796875
2024-06-04,MSFT,411.4565124511719
2024-06-05,MSFT,419.3085021972656
2024-06-06,MSFT,419.81280517578125
2024-06-07,MSFT,419.1502685546875
2024-06-10,MSFT,423.12567138671875
2024-06-11,MSFT,427.8823547363281
2024-06-12,MSFT,436.1694641113281
2024-06-13,MSFT,436.6836853027344
2024-06-14,MSFT,437.6627197265625
2024-06-17,MSFT,443.3983459472656
2024-06-18,MSFT,441.390869140625
2024-06-20,MSFT,440.75799560546875
2024-06-21,MSFT,444.7927551269531
2024-06-24,MSFT,442.7061767578125
2024-06-25,MSFT,445.9497375488281
2024-06-26,MSFT,447.1463317871094
2024-06-27,MSFT,447.8287048339844
2024-06-28,MSFT,441.994140625
2024-07-01,MSFT,451.6656799316406
2024-07-02,MSFT,454.1874084472656
2024-07-03,MSFT,455.660888671875
2024-07-05,MSFT,462.3755798339844
2024-07-08,MSFT,461.0702209472656
2024-07-09,MSFT,454.44451904296875
2024-07-10,MSFT,461.0801086425781
2024-07-11,MSFT,449.6582336425781
2024-07-12,MSFT,448.52093505859375
2024-07-15,MSFT,448.9263916015625
2024-07-16,MSFT,444.5356140136719
2024-07-17,MSFT,438.6021423339844
2024-07-18,MSFT,435.4870910644531
2024-07-19,MSFT,432.26318359375
2024-07-22,MSFT,438.0285949707031
2024-07-23,MSFT,439.9174499511719
2024-07-24,MSFT,424.1442565917969
2024-07-25,MSFT,413.7607116699219
2024-07-26,MSFT,420.55450439453125
2024-07-29,MSFT,421.9983215332031
2024-07-30,MSFT,418.2305908203125
2024-07-31,MSFT,413.7112731933594
2024-08-01,MSFT,412.4849853515625
2024-08-02,MSFT,403.9605407714844
2024-08-05,MSFT,390.7684631347656
2024-08-06,MSFT,395.1790466308594
2024-08-07,MSFT,394.01214599609375
2024-08-08,MSFT,398.224853515625
2024-08-09,MSFT,401.5179443359375
2024-08-12,MSFT,402.2991638183594
2024-08-13,MSFT,409.4193420410156
2024-08-14,MSFT,412.23773193359375
2024-08-15,MSFT,417.1120300292969
2024-08-16,MSFT,414.5757751464844
2024-08-19,MSFT,417.6073303222656
2024-08-20,MSFT,420.8468933105469
2024-08-21,MSFT,420.19305419921875
2024-08-22,MSFT,411.6829528808594
2024-08-23,MSFT,412.91143798828125
2024-08-26,MSFT,409.64215087890625
2024-08-27,MSFT,409.9888916015625
2024-08-28,MSFT,406.7790222167969
2024-08-29,MSFT,409.2756042480469
2024-08-30,MSFT,413.2581787109375
2024-09-03,MSFT,405.6298522949219
2024-09-04,MSFT,405.0948791503906
2024-09-05,MSFT,404.589599609375
2024-09-06,MSFT,397.9618835449219
2024-09-09,MSFT,401.9444580078125
2024-09-10,MSFT,410.3455505371094
2024-09-11,MSFT,419.103271484375
2024-09-12,MSFT,423.02642822265625
2024-09-13,MSFT,426.5830383300781
2024-09-16,MSFT,427.3260803222656
2024-09-17,MSFT,431.1005554199219
2024-09-18,MSFT,426.80096435546875
2024-09-19,MSFT,434.607666015625
2024-09-20,MSFT,431.2194519042969
2024-09-23,MSFT,429.4758605957031
2024-09-24,MSFT,425.1762390136719
2024-09-25,MSFT,428.0888671875
2024-09-26,MSFT,427.29632568359375
2024-09-27,MSFT,424.0368957519531
2024-09-30,MSFT,426.2956848144531
2024-10-01,MSFT,416.7751770019531
2024-10-02,MSFT,413.2482604980469
2024-10-03,MSFT,412.6637878417969
2024-10-04,MSFT,412.188232421875
2024-10-07,MSFT,405.7289123535156
2024-10-08,MSFT,410.85076904296875
2024-10-09,MSFT,413.5751953125
2024-10-10,MSFT,411.9702453613281
2024-10-11,MSFT,412.4458312988281
2024-10-14,MSFT,415.2395324707031
2024-10-15,MSFT,414.8432922363281
2024-10-16,MSFT,412.2476806640625
2024-10-17,MSFT,412.8421325683594
2024-10-18,MSFT,414.2687072753906
2024-10-21,MSFT,414.8829040527344
2024-10-22,MSFT,423.53173828125
2024-10-23,MSFT,420.6487731933594
2024-10-24,MSFT,420.777587890625
2024-10-25,MSFT,424.16571044921875
2024-10-28,MSFT,422.6202087402344
2024-10-29,MSFT,427.93035888671875
2024-10-30,MSFT,428.5049743652344
2024-10-31,MSFT,402.5685729980469
2024-11-01,MSFT,406.5511474609375
2024-11-04,MSFT,404.6589050292969
2024-11-05,MSFT,407.63104248046875
2024-11-06,MSFT,416.2698669433594
2024-11-07,MSFT,421.4710388183594
2024-11-08,MSFT,418.6079406738281
2024-11-11,MSFT,414.1201171875
2024-11-12,MSFT,419.0933837890625
2024-11-13,MSFT,421.2431945800781
2024-11-14,MSFT,422.91748046875
2024-11-15,MSFT,411.1380920410156
2024-11-18,MSFT,411.8910217285156
2024-11-19,MSFT,413.9021301269531
2024-11-20,MSFT,411.62353515625
2024-11-21,MSFT,409.8466491699219
2024-11-22,MSFT,413.9463806152344
2024-11-25,MSFT,415.7232971191406
2024-11-26,MSFT,424.8559265136719
2024-11-27,MSFT,419.89251708984375
2024-11-29,MSFT,420.3591003417969
2024-12-02,MSFT,427.82403564453125
2024-12-03,MSFT,428.04241943359375
2024-12-04,MSFT,434.2168884277344
2024-12-05,MSFT,439.3787841796875
2024-12-06,MSFT,440.32183837890625
2024-12-09,MSFT,442.7538757324219
2024-12-10,MSFT,440.0835876464844
2024-12-11,MSFT,445.7021484375
2024-12-12,MSFT,446.2679443359375
2024-12-13,MSFT,443.9947204589844
2024-12-16,MSFT,448.28314208984375
2024-12-17,MSFT,451.132080078125
2024-12-18,MSFT,434.1871032714844
2024-12-19,MSFT,433.8297119140625
2024-12-20,MSFT,433.4029235839844
2024-12-23,MSFT,432.062744140625
2024-12-24,MSFT,436.11285400390625
2024-12-26,MSFT,434.9018249511719
2024-12-27,MSFT,427.3773193359375
2024-12-30,MSFT,421.71905517578125
2024-12-31,MSFT,418.4134521484375
